2026-03-23 11:42:59 [INFO] backend.main: ============================================================
2026-03-23 11:42:59 [INFO] backend.main:   LabSecure AI v2 — Starting Up
2026-03-23 11:42:59 [INFO] backend.main: ============================================================
2026-03-23 11:43:00 [INFO] backend.main: ✓ Firebase initialized
2026-03-23 11:43:00 [INFO] backend.db.repositories: Event batch writer started
2026-03-23 11:43:00 [INFO] backend.main: ✓ Event batch writer started
2026-03-23 11:43:00 [INFO] backend.main: ✓ Access Controller initialized
2026-03-23 11:43:00 [INFO] backend.main: ✓ Anomaly Detector initialized
2026-03-23 11:43:00 [INFO] backend.services.camera_monitor: Camera health monitor started
2026-03-23 11:43:00 [INFO] backend.main: ✓ Camera Monitor started
2026-03-23 11:43:00 [WARNING] backend.main: Skipping 128-dim descriptor for user 'OpG6Qn3Dk7M9qvNeAyDg' ('jeanlois de la cruz') — re-enroll to fix recognition.
2026-03-23 11:43:00 [WARNING] backend.main: Skipping 128-dim descriptor for user 'PesBMMw2DJt5LA5bgGNc' ('Janna Luz') — re-enroll to fix recognition.
2026-03-23 11:43:00 [WARNING] backend.main: Skipping 128-dim descriptor for user 'l1pItVCAa93It5F4AgHy' ('Pofesor David') — re-enroll to fix recognition.
2026-03-23 11:43:00 [WARNING] backend.main: 3 descriptor(s) skipped (wrong dimension). Re-enroll those users via the app to restore recognition.
2026-03-23 11:43:00 [INFO] backend.main: ✓ Loaded 2 face descriptor(s) from Firestore
2026-03-23 11:43:00 [INFO] backend.vision.pipeline: Starting Vision Pipeline (decoupled mode)...
2026-03-23 11:43:02 [INFO] backend.vision.face_engine: FaceEngine initialized: model=buffalo_sc, det_size=(320, 320), providers=['CPUExecutionProvider']
2026-03-23 11:43:02 [INFO] backend.vision.camera: [cam_axis_01] Camera stream started: Axis P1447-LE
2026-03-23 11:43:02 [INFO] backend.vision.pipeline: [cam_axis_01] Display thread started (25 FPS)
2026-03-23 11:43:02 [INFO] backend.vision.pipeline: [cam_axis_01] Detection thread started
2026-03-23 11:43:02 [INFO] backend.vision.camera: [cam_webcam] Camera stream started: Laptop Webcam
2026-03-23 11:43:02 [INFO] backend.vision.pipeline: [cam_webcam] Display thread started (25 FPS)
2026-03-23 11:43:02 [INFO] backend.vision.pipeline: [cam_webcam] Detection thread started
2026-03-23 11:43:02 [INFO] backend.vision.pipeline: Vision Pipeline started with 2 cameras
2026-03-23 11:43:02 [INFO] backend.main: ✓ Vision Pipeline started
2026-03-23 11:43:02 [INFO] backend.api.door_controller: Door auto-lock thread started
2026-03-23 11:43:02 [INFO] backend.main: ✓ Door auto-lock thread started
2026-03-23 11:43:02 [INFO] backend.main: ============================================================
2026-03-23 11:43:02 [INFO] backend.main:   LabSecure AI v2 — Ready
2026-03-23 11:43:02 [INFO] backend.main: ============================================================
2026-03-23 11:43:03 [INFO] backend.main: ============================================================
2026-03-23 11:43:03 [INFO] backend.main:   LabSecure AI v2 — Starting Up
2026-03-23 11:43:03 [INFO] backend.main: ============================================================
2026-03-23 11:43:04 [INFO] backend.main: ✓ Firebase initialized
2026-03-23 11:43:04 [INFO] backend.db.repositories: Event batch writer started
2026-03-23 11:43:04 [INFO] backend.main: ✓ Event batch writer started
2026-03-23 11:43:04 [INFO] backend.main: ✓ Access Controller initialized
2026-03-23 11:43:04 [INFO] backend.main: ✓ Anomaly Detector initialized
2026-03-23 11:43:04 [INFO] backend.services.camera_monitor: Camera health monitor started
2026-03-23 11:43:04 [INFO] backend.main: ✓ Camera Monitor started
2026-03-23 11:43:04 [WARNING] backend.main: Skipping 128-dim descriptor for user 'OpG6Qn3Dk7M9qvNeAyDg' ('jeanlois de la cruz') — re-enroll to fix recognition.
2026-03-23 11:43:04 [WARNING] backend.main: Skipping 128-dim descriptor for user 'PesBMMw2DJt5LA5bgGNc' ('Janna Luz') — re-enroll to fix recognition.
2026-03-23 11:43:04 [WARNING] backend.main: Skipping 128-dim descriptor for user 'l1pItVCAa93It5F4AgHy' ('Pofesor David') — re-enroll to fix recognition.
2026-03-23 11:43:04 [WARNING] backend.main: 3 descriptor(s) skipped (wrong dimension). Re-enroll those users via the app to restore recognition.
2026-03-23 11:43:04 [INFO] backend.main: ✓ Loaded 2 face descriptor(s) from Firestore
2026-03-23 11:43:04 [INFO] backend.vision.pipeline: Starting Vision Pipeline (decoupled mode)...
2026-03-23 11:43:06 [INFO] backend.vision.face_engine: FaceEngine initialized: model=buffalo_sc, det_size=(320, 320), providers=['CPUExecutionProvider']
2026-03-23 11:43:06 [INFO] backend.vision.camera: [cam_axis_01] Camera stream started: Axis P1447-LE
2026-03-23 11:43:06 [INFO] backend.vision.pipeline: [cam_axis_01] Display thread started (25 FPS)
2026-03-23 11:43:06 [INFO] backend.vision.pipeline: [cam_axis_01] Detection thread started
2026-03-23 11:43:06 [INFO] backend.vision.camera: [cam_webcam] Camera stream started: Laptop Webcam
2026-03-23 11:43:06 [INFO] backend.vision.pipeline: [cam_webcam] Display thread started (25 FPS)
2026-03-23 11:43:06 [INFO] backend.vision.pipeline: [cam_webcam] Detection thread started
2026-03-23 11:43:06 [INFO] backend.vision.pipeline: Vision Pipeline started with 2 cameras
2026-03-23 11:43:06 [INFO] backend.main: ✓ Vision Pipeline started
2026-03-23 11:43:06 [INFO] backend.api.door_controller: Door auto-lock thread started
2026-03-23 11:43:06 [INFO] backend.main: ✓ Door auto-lock thread started
2026-03-23 11:43:06 [INFO] backend.main: ============================================================
2026-03-23 11:43:06 [INFO] backend.main:   LabSecure AI v2 — Ready
2026-03-23 11:43:06 [INFO] backend.main: ============================================================
2026-03-23 11:43:07 [INFO] backend.vision.camera: [cam_webcam] Connected to 0
2026-03-23 11:43:36 [WARNING] backend.vision.camera: [cam_axis_01] Failed to open rtsp://root:admin12345$_@192.168.0.90:554/axis-media/media.amp
2026-03-23 11:43:36 [INFO] backend.vision.camera: [cam_axis_01] Retrying in 2.0s...
2026-03-23 11:44:08 [WARNING] backend.vision.camera: [cam_axis_01] Failed to open rtsp://root:admin12345$_@192.168.0.90:554/axis-media/media.amp
2026-03-23 11:44:08 [INFO] backend.vision.camera: [cam_axis_01] Retrying in 3.0s...
2026-03-23 11:44:37 [INFO] backend.main: Shutting down LabSecure AI v2...
2026-03-23 11:44:37 [INFO] backend.vision.pipeline: [cam_axis_01] Detection thread stopped
2026-03-23 11:44:37 [INFO] backend.vision.pipeline: [cam_axis_01] Display thread stopped
2026-03-23 11:44:37 [INFO] backend.vision.pipeline: [cam_webcam] Display thread stopped
2026-03-23 11:44:37 [INFO] backend.vision.pipeline: [cam_webcam] Detection thread stopped
2026-03-23 11:44:41 [WARNING] backend.vision.camera: [cam_axis_01] Failed to open rtsp://root:admin12345$_@192.168.0.90:554/axis-media/media.amp
2026-03-23 11:44:41 [INFO] backend.vision.camera: [cam_axis_01] Retrying in 4.5s...
2026-03-23 11:44:42 [INFO] backend.vision.camera: [cam_axis_01] Camera stream stopped: Axis P1447-LE
2026-03-23 11:44:42 [INFO] backend.vision.camera: [cam_webcam] Camera stream stopped: Laptop Webcam
2026-03-23 11:44:42 [INFO] backend.vision.pipeline: Vision Pipeline stopped
2026-03-23 11:44:46 [INFO] backend.services.camera_monitor: Camera health monitor stopped
2026-03-23 11:44:49 [INFO] backend.main: ✓ Event batch writer stopped
2026-03-23 11:44:49 [INFO] backend.main: Shutdown complete.
2026-03-23 11:44:50 [INFO] backend.main: ============================================================
2026-03-23 11:44:50 [INFO] backend.main:   LabSecure AI v2 — Starting Up
2026-03-23 11:44:50 [INFO] backend.main: ============================================================
2026-03-23 11:44:51 [INFO] backend.main: ✓ Firebase initialized
2026-03-23 11:44:51 [INFO] backend.db.repositories: Event batch writer started
2026-03-23 11:44:51 [INFO] backend.main: ✓ Event batch writer started
2026-03-23 11:44:51 [INFO] backend.main: ✓ Access Controller initialized
2026-03-23 11:44:51 [INFO] backend.main: ✓ Anomaly Detector initialized
2026-03-23 11:44:51 [INFO] backend.services.camera_monitor: Camera health monitor started
2026-03-23 11:44:51 [INFO] backend.main: ✓ Camera Monitor started
2026-03-23 11:44:51 [WARNING] backend.main: Skipping 128-dim descriptor for user 'OpG6Qn3Dk7M9qvNeAyDg' ('jeanlois de la cruz') — re-enroll to fix recognition.
2026-03-23 11:44:51 [WARNING] backend.main: Skipping 128-dim descriptor for user 'PesBMMw2DJt5LA5bgGNc' ('Janna Luz') — re-enroll to fix recognition.
2026-03-23 11:44:51 [WARNING] backend.main: Skipping 128-dim descriptor for user 'l1pItVCAa93It5F4AgHy' ('Pofesor David') — re-enroll to fix recognition.
2026-03-23 11:44:51 [WARNING] backend.main: 3 descriptor(s) skipped (wrong dimension). Re-enroll those users via the app to restore recognition.
2026-03-23 11:44:51 [INFO] backend.main: ✓ Loaded 2 face descriptor(s) from Firestore
2026-03-23 11:44:51 [INFO] backend.vision.pipeline: Starting Vision Pipeline (decoupled mode)...
2026-03-23 11:44:53 [INFO] backend.vision.face_engine: FaceEngine initialized: model=buffalo_sc, det_size=(320, 320), providers=['CPUExecutionProvider']
2026-03-23 11:44:53 [INFO] backend.vision.camera: [cam_axis_01] Camera stream started: Axis P1447-LE
2026-03-23 11:44:53 [INFO] backend.vision.pipeline: [cam_axis_01] Display thread started (25 FPS)
2026-03-23 11:44:53 [INFO] backend.vision.pipeline: [cam_axis_01] Detection thread started
2026-03-23 11:44:53 [INFO] backend.vision.camera: [cam_webcam] Camera stream started: Laptop Webcam
2026-03-23 11:44:53 [INFO] backend.vision.pipeline: [cam_webcam] Display thread started (25 FPS)
2026-03-23 11:44:53 [INFO] backend.vision.pipeline: [cam_webcam] Detection thread started
2026-03-23 11:44:53 [INFO] backend.vision.pipeline: Vision Pipeline started with 2 cameras
2026-03-23 11:44:53 [INFO] backend.main: ✓ Vision Pipeline started
2026-03-23 11:44:53 [INFO] backend.api.door_controller: Door auto-lock thread started
2026-03-23 11:44:53 [INFO] backend.main: ✓ Door auto-lock thread started
2026-03-23 11:44:53 [INFO] backend.main: ============================================================
2026-03-23 11:44:53 [INFO] backend.main:   LabSecure AI v2 — Ready
2026-03-23 11:44:53 [INFO] backend.main: ============================================================
2026-03-23 11:44:54 [INFO] backend.main: ============================================================
2026-03-23 11:44:54 [INFO] backend.main:   LabSecure AI v2 — Starting Up
2026-03-23 11:44:54 [INFO] backend.main: ============================================================
2026-03-23 11:44:55 [INFO] backend.main: ✓ Firebase initialized
2026-03-23 11:44:55 [INFO] backend.db.repositories: Event batch writer started
2026-03-23 11:44:55 [INFO] backend.main: ✓ Event batch writer started
2026-03-23 11:44:55 [INFO] backend.main: ✓ Access Controller initialized
2026-03-23 11:44:55 [INFO] backend.main: ✓ Anomaly Detector initialized
2026-03-23 11:44:55 [INFO] backend.services.camera_monitor: Camera health monitor started
2026-03-23 11:44:55 [INFO] backend.main: ✓ Camera Monitor started
2026-03-23 11:44:55 [WARNING] backend.main: Skipping 128-dim descriptor for user 'OpG6Qn3Dk7M9qvNeAyDg' ('jeanlois de la cruz') — re-enroll to fix recognition.
2026-03-23 11:44:55 [WARNING] backend.main: Skipping 128-dim descriptor for user 'PesBMMw2DJt5LA5bgGNc' ('Janna Luz') — re-enroll to fix recognition.
2026-03-23 11:44:55 [WARNING] backend.main: Skipping 128-dim descriptor for user 'l1pItVCAa93It5F4AgHy' ('Pofesor David') — re-enroll to fix recognition.
2026-03-23 11:44:55 [WARNING] backend.main: 3 descriptor(s) skipped (wrong dimension). Re-enroll those users via the app to restore recognition.
2026-03-23 11:44:55 [INFO] backend.main: ✓ Loaded 2 face descriptor(s) from Firestore
2026-03-23 11:44:55 [INFO] backend.vision.pipeline: Starting Vision Pipeline (decoupled mode)...
2026-03-23 11:44:57 [INFO] backend.vision.face_engine: FaceEngine initialized: model=buffalo_sc, det_size=(320, 320), providers=['CPUExecutionProvider']
2026-03-23 11:44:57 [INFO] backend.vision.camera: [cam_axis_01] Camera stream started: Axis P1447-LE
2026-03-23 11:44:57 [INFO] backend.vision.pipeline: [cam_axis_01] Display thread started (25 FPS)
2026-03-23 11:44:57 [INFO] backend.vision.pipeline: [cam_axis_01] Detection thread started
2026-03-23 11:44:57 [INFO] backend.vision.camera: [cam_webcam] Camera stream started: Laptop Webcam
2026-03-23 11:44:57 [INFO] backend.vision.pipeline: [cam_webcam] Display thread started (25 FPS)
2026-03-23 11:44:57 [INFO] backend.vision.pipeline: [cam_webcam] Detection thread started
2026-03-23 11:44:57 [INFO] backend.vision.pipeline: Vision Pipeline started with 2 cameras
2026-03-23 11:44:57 [INFO] backend.main: ✓ Vision Pipeline started
2026-03-23 11:44:57 [INFO] backend.api.door_controller: Door auto-lock thread started
2026-03-23 11:44:57 [INFO] backend.main: ✓ Door auto-lock thread started
2026-03-23 11:44:57 [INFO] backend.main: ============================================================
2026-03-23 11:44:57 [INFO] backend.main:   LabSecure AI v2 — Ready
2026-03-23 11:44:57 [INFO] backend.main: ============================================================
2026-03-23 11:44:58 [INFO] backend.vision.camera: [cam_webcam] Connected to 0
2026-03-23 11:45:27 [WARNING] backend.vision.camera: [cam_axis_01] Failed to open rtsp://root:admin12345$_@192.168.0.90:554/axis-media/media.amp
2026-03-23 11:45:27 [INFO] backend.vision.camera: [cam_axis_01] Retrying in 2.0s...
2026-03-23 11:45:59 [WARNING] backend.vision.camera: [cam_axis_01] Failed to open rtsp://root:admin12345$_@192.168.0.90:554/axis-media/media.amp
2026-03-23 11:45:59 [INFO] backend.vision.camera: [cam_axis_01] Retrying in 3.0s...
2026-03-23 11:46:32 [WARNING] backend.vision.camera: [cam_axis_01] Failed to open rtsp://root:admin12345$_@192.168.0.90:554/axis-media/media.amp
2026-03-23 11:46:32 [INFO] backend.vision.camera: [cam_axis_01] Retrying in 4.5s...
2026-03-23 11:47:06 [WARNING] backend.vision.camera: [cam_axis_01] Failed to open rtsp://root:admin12345$_@192.168.0.90:554/axis-media/media.amp
2026-03-23 11:47:06 [INFO] backend.vision.camera: [cam_axis_01] Retrying in 6.8s...
2026-03-23 11:47:28 [INFO] backend.main: Shutting down LabSecure AI v2...
2026-03-23 11:47:28 [INFO] backend.vision.pipeline: [cam_axis_01] Display thread stopped
2026-03-23 11:47:28 [INFO] backend.vision.pipeline: [cam_axis_01] Detection thread stopped
2026-03-23 11:47:28 [INFO] backend.vision.pipeline: [cam_webcam] Display thread stopped
2026-03-23 11:47:28 [INFO] backend.vision.pipeline: [cam_webcam] Detection thread stopped
2026-03-23 11:47:33 [INFO] backend.vision.camera: [cam_axis_01] Camera stream stopped: Axis P1447-LE
2026-03-23 11:47:33 [INFO] backend.vision.camera: [cam_webcam] Camera stream stopped: Laptop Webcam
2026-03-23 11:47:33 [INFO] backend.vision.pipeline: Vision Pipeline stopped
2026-03-23 11:47:43 [WARNING] backend.vision.camera: [cam_axis_01] Failed to open rtsp://root:admin12345$_@192.168.0.90:554/axis-media/media.amp
2026-03-23 11:47:43 [INFO] backend.vision.camera: [cam_axis_01] Retrying in 10.1s...
2026-03-23 11:47:43 [INFO] backend.services.camera_monitor: Camera health monitor stopped
2026-03-23 11:47:45 [INFO] backend.main: ✓ Event batch writer stopped
2026-03-23 11:47:45 [INFO] backend.main: Shutdown complete.
2026-03-23 11:47:47 [INFO] backend.main: ============================================================
2026-03-23 11:47:47 [INFO] backend.main:   LabSecure AI v2 — Starting Up
2026-03-23 11:47:47 [INFO] backend.main: ============================================================
2026-03-23 11:47:47 [INFO] backend.main: ✓ Firebase initialized
2026-03-23 11:47:47 [INFO] backend.db.repositories: Event batch writer started
2026-03-23 11:47:47 [INFO] backend.main: ✓ Event batch writer started
2026-03-23 11:47:47 [INFO] backend.main: ✓ Access Controller initialized
2026-03-23 11:47:47 [INFO] backend.main: ✓ Anomaly Detector initialized
2026-03-23 11:47:47 [INFO] backend.services.camera_monitor: Camera health monitor started
2026-03-23 11:47:47 [INFO] backend.main: ✓ Camera Monitor started
2026-03-23 11:47:48 [WARNING] backend.main: Skipping 128-dim descriptor for user 'OpG6Qn3Dk7M9qvNeAyDg' ('jeanlois de la cruz') — re-enroll to fix recognition.
2026-03-23 11:47:48 [WARNING] backend.main: Skipping 128-dim descriptor for user 'PesBMMw2DJt5LA5bgGNc' ('Janna Luz') — re-enroll to fix recognition.
2026-03-23 11:47:48 [WARNING] backend.main: Skipping 128-dim descriptor for user 'l1pItVCAa93It5F4AgHy' ('Pofesor David') — re-enroll to fix recognition.
2026-03-23 11:47:48 [WARNING] backend.main: 3 descriptor(s) skipped (wrong dimension). Re-enroll those users via the app to restore recognition.
2026-03-23 11:47:48 [INFO] backend.main: ✓ Loaded 2 face descriptor(s) from Firestore
2026-03-23 11:47:48 [INFO] backend.vision.pipeline: Starting Vision Pipeline (decoupled mode)...
2026-03-23 11:47:49 [INFO] backend.vision.face_engine: FaceEngine initialized: model=buffalo_sc, det_size=(320, 320), providers=['CPUExecutionProvider']
2026-03-23 11:47:49 [INFO] backend.vision.camera: [cam_axis_01] Camera stream started: Axis P1447-LE
2026-03-23 11:47:49 [INFO] backend.vision.pipeline: [cam_axis_01] Display thread started (25 FPS)
2026-03-23 11:47:49 [INFO] backend.vision.pipeline: [cam_axis_01] Detection thread started
2026-03-23 11:47:49 [INFO] backend.vision.camera: [cam_webcam] Camera stream started: Laptop Webcam
2026-03-23 11:47:49 [INFO] backend.vision.pipeline: [cam_webcam] Display thread started (25 FPS)
2026-03-23 11:47:49 [INFO] backend.vision.pipeline: [cam_webcam] Detection thread started
2026-03-23 11:47:49 [INFO] backend.vision.pipeline: Vision Pipeline started with 2 cameras
2026-03-23 11:47:49 [INFO] backend.main: ✓ Vision Pipeline started
2026-03-23 11:47:49 [INFO] backend.api.door_controller: Door auto-lock thread started
2026-03-23 11:47:49 [INFO] backend.main: ✓ Door auto-lock thread started
2026-03-23 11:47:49 [INFO] backend.main: ============================================================
2026-03-23 11:47:49 [INFO] backend.main:   LabSecure AI v2 — Ready
2026-03-23 11:47:49 [INFO] backend.main: ============================================================
2026-03-23 11:47:51 [INFO] backend.main: ============================================================
2026-03-23 11:47:51 [INFO] backend.main:   LabSecure AI v2 — Starting Up
2026-03-23 11:47:51 [INFO] backend.main: ============================================================
2026-03-23 11:47:51 [INFO] backend.main: ✓ Firebase initialized
2026-03-23 11:47:51 [INFO] backend.db.repositories: Event batch writer started
2026-03-23 11:47:51 [INFO] backend.main: ✓ Event batch writer started
2026-03-23 11:47:51 [INFO] backend.main: ✓ Access Controller initialized
2026-03-23 11:47:51 [INFO] backend.main: ✓ Anomaly Detector initialized
2026-03-23 11:47:51 [INFO] backend.services.camera_monitor: Camera health monitor started
2026-03-23 11:47:51 [INFO] backend.main: ✓ Camera Monitor started
2026-03-23 11:47:52 [WARNING] backend.main: Skipping 128-dim descriptor for user 'OpG6Qn3Dk7M9qvNeAyDg' ('jeanlois de la cruz') — re-enroll to fix recognition.
2026-03-23 11:47:52 [WARNING] backend.main: Skipping 128-dim descriptor for user 'PesBMMw2DJt5LA5bgGNc' ('Janna Luz') — re-enroll to fix recognition.
2026-03-23 11:47:52 [WARNING] backend.main: Skipping 128-dim descriptor for user 'l1pItVCAa93It5F4AgHy' ('Pofesor David') — re-enroll to fix recognition.
2026-03-23 11:47:52 [WARNING] backend.main: 3 descriptor(s) skipped (wrong dimension). Re-enroll those users via the app to restore recognition.
2026-03-23 11:47:52 [INFO] backend.main: ✓ Loaded 2 face descriptor(s) from Firestore
2026-03-23 11:47:52 [INFO] backend.vision.pipeline: Starting Vision Pipeline (decoupled mode)...
2026-03-23 11:47:53 [INFO] backend.vision.face_engine: FaceEngine initialized: model=buffalo_sc, det_size=(320, 320), providers=['CPUExecutionProvider']
2026-03-23 11:47:53 [INFO] backend.vision.camera: [cam_axis_01] Camera stream started: Axis P1447-LE
2026-03-23 11:47:53 [INFO] backend.vision.pipeline: [cam_axis_01] Display thread started (25 FPS)
2026-03-23 11:47:53 [INFO] backend.vision.pipeline: [cam_axis_01] Detection thread started
2026-03-23 11:47:53 [INFO] backend.vision.camera: [cam_webcam] Camera stream started: Laptop Webcam
2026-03-23 11:47:53 [INFO] backend.vision.pipeline: [cam_webcam] Display thread started (25 FPS)
2026-03-23 11:47:53 [INFO] backend.vision.pipeline: [cam_webcam] Detection thread started
2026-03-23 11:47:53 [INFO] backend.vision.pipeline: Vision Pipeline started with 2 cameras
2026-03-23 11:47:54 [INFO] backend.main: ✓ Vision Pipeline started
2026-03-23 11:47:54 [INFO] backend.api.door_controller: Door auto-lock thread started
2026-03-23 11:47:54 [INFO] backend.main: ✓ Door auto-lock thread started
2026-03-23 11:47:54 [INFO] backend.main: ============================================================
2026-03-23 11:47:54 [INFO] backend.main:   LabSecure AI v2 — Ready
2026-03-23 11:47:54 [INFO] backend.main: ============================================================
2026-03-23 11:47:55 [INFO] backend.vision.camera: [cam_webcam] Connected to 0
2026-03-23 11:48:11 [INFO] backend.utils.sim_clock: Simulation clock set to 2026-03-23 monday 09:00
2026-03-23 11:48:23 [WARNING] backend.vision.camera: [cam_axis_01] Failed to open rtsp://root:admin12345$_@192.168.0.90:554/axis-media/media.amp
2026-03-23 11:48:23 [INFO] backend.vision.camera: [cam_axis_01] Retrying in 2.0s...
2026-03-23 11:48:55 [WARNING] backend.vision.camera: [cam_axis_01] Failed to open rtsp://root:admin12345$_@192.168.0.90:554/axis-media/media.amp
2026-03-23 11:48:55 [INFO] backend.vision.camera: [cam_axis_01] Retrying in 3.0s...
2026-03-23 11:48:58 [INFO] backend.utils.sim_clock: Simulation clock set to 2026-03-23 monday 09:00
2026-03-23 11:49:28 [WARNING] backend.vision.camera: [cam_axis_01] Failed to open rtsp://root:admin12345$_@192.168.0.90:554/axis-media/media.amp
2026-03-23 11:49:28 [INFO] backend.vision.camera: [cam_axis_01] Retrying in 4.5s...
2026-03-23 11:50:03 [WARNING] backend.vision.camera: [cam_axis_01] Failed to open rtsp://root:admin12345$_@192.168.0.90:554/axis-media/media.amp
2026-03-23 11:50:03 [INFO] backend.vision.camera: [cam_axis_01] Retrying in 6.8s...
2026-03-23 11:50:40 [WARNING] backend.vision.camera: [cam_axis_01] Failed to open rtsp://root:admin12345$_@192.168.0.90:554/axis-media/media.amp
2026-03-23 11:50:40 [INFO] backend.vision.camera: [cam_axis_01] Retrying in 10.1s...
2026-03-23 11:51:12 [INFO] backend.main: Shutting down LabSecure AI v2...
2026-03-23 11:51:12 [INFO] backend.vision.pipeline: [cam_axis_01] Display thread stopped
2026-03-23 11:51:12 [INFO] backend.vision.pipeline: [cam_webcam] Display thread stopped
2026-03-23 11:51:12 [INFO] backend.vision.pipeline: [cam_axis_01] Detection thread stopped
2026-03-23 11:51:12 [INFO] backend.vision.pipeline: [cam_webcam] Detection thread stopped
2026-03-23 11:51:17 [INFO] backend.vision.camera: [cam_axis_01] Camera stream stopped: Axis P1447-LE
2026-03-23 11:51:17 [INFO] backend.vision.camera: [cam_webcam] Camera stream stopped: Laptop Webcam
2026-03-23 11:51:17 [INFO] backend.vision.pipeline: Vision Pipeline stopped
2026-03-23 11:51:20 [WARNING] backend.vision.camera: [cam_axis_01] Failed to open rtsp://root:admin12345$_@192.168.0.90:554/axis-media/media.amp
2026-03-23 11:51:20 [INFO] backend.vision.camera: [cam_axis_01] Retrying in 15.2s...
2026-03-23 11:51:27 [INFO] backend.services.camera_monitor: Camera health monitor stopped
2026-03-23 11:51:27 [INFO] backend.main: ✓ Event batch writer stopped
2026-03-23 11:51:27 [INFO] backend.main: Shutdown complete.
2026-03-23 11:51:29 [INFO] backend.main: ============================================================
2026-03-23 11:51:29 [INFO] backend.main:   LabSecure AI v2 — Starting Up
2026-03-23 11:51:29 [INFO] backend.main: ============================================================
2026-03-23 11:51:30 [INFO] backend.main: ✓ Firebase initialized
2026-03-23 11:51:30 [INFO] backend.db.repositories: Event batch writer started
2026-03-23 11:51:30 [INFO] backend.main: ✓ Event batch writer started
2026-03-23 11:51:30 [INFO] backend.main: ✓ Access Controller initialized
2026-03-23 11:51:30 [INFO] backend.main: ✓ Anomaly Detector initialized
2026-03-23 11:51:30 [INFO] backend.services.camera_monitor: Camera health monitor started
2026-03-23 11:51:30 [INFO] backend.main: ✓ Camera Monitor started
2026-03-23 11:51:30 [WARNING] backend.main: Skipping 128-dim descriptor for user 'OpG6Qn3Dk7M9qvNeAyDg' ('jeanlois de la cruz') — re-enroll to fix recognition.
2026-03-23 11:51:30 [WARNING] backend.main: Skipping 128-dim descriptor for user 'PesBMMw2DJt5LA5bgGNc' ('Janna Luz') — re-enroll to fix recognition.
2026-03-23 11:51:30 [WARNING] backend.main: Skipping 128-dim descriptor for user 'l1pItVCAa93It5F4AgHy' ('Pofesor David') — re-enroll to fix recognition.
2026-03-23 11:51:30 [WARNING] backend.main: 3 descriptor(s) skipped (wrong dimension). Re-enroll those users via the app to restore recognition.
2026-03-23 11:51:30 [INFO] backend.main: ✓ Loaded 2 face descriptor(s) from Firestore
2026-03-23 11:51:30 [INFO] backend.vision.pipeline: Starting Vision Pipeline (decoupled mode)...
2026-03-23 11:51:32 [INFO] backend.vision.face_engine: FaceEngine initialized: model=buffalo_sc, det_size=(320, 320), providers=['CPUExecutionProvider']
2026-03-23 11:51:32 [INFO] backend.vision.camera: [cam_axis_01] Camera stream started: Axis P1447-LE
2026-03-23 11:51:32 [INFO] backend.vision.pipeline: [cam_axis_01] Display thread started (25 FPS)
2026-03-23 11:51:32 [INFO] backend.vision.pipeline: [cam_axis_01] Detection thread started
2026-03-23 11:51:32 [INFO] backend.vision.camera: [cam_webcam] Camera stream started: Laptop Webcam
2026-03-23 11:51:32 [INFO] backend.vision.pipeline: [cam_webcam] Display thread started (25 FPS)
2026-03-23 11:51:32 [INFO] backend.vision.pipeline: [cam_webcam] Detection thread started
2026-03-23 11:51:32 [INFO] backend.vision.pipeline: Vision Pipeline started with 2 cameras
2026-03-23 11:51:32 [INFO] backend.main: ✓ Vision Pipeline started
2026-03-23 11:51:32 [INFO] backend.api.door_controller: Door auto-lock thread started
2026-03-23 11:51:32 [INFO] backend.main: ✓ Door auto-lock thread started
2026-03-23 11:51:32 [INFO] backend.main: ============================================================
2026-03-23 11:51:32 [INFO] backend.main:   LabSecure AI v2 — Ready
2026-03-23 11:51:32 [INFO] backend.main: ============================================================
2026-03-23 11:51:34 [INFO] backend.main: ============================================================
2026-03-23 11:51:34 [INFO] backend.main:   LabSecure AI v2 — Starting Up
2026-03-23 11:51:34 [INFO] backend.main: ============================================================
2026-03-23 11:51:35 [INFO] backend.main: ✓ Firebase initialized
2026-03-23 11:51:35 [INFO] backend.db.repositories: Event batch writer started
2026-03-23 11:51:35 [INFO] backend.main: ✓ Event batch writer started
2026-03-23 11:51:35 [INFO] backend.main: ✓ Access Controller initialized
2026-03-23 11:51:35 [INFO] backend.main: ✓ Anomaly Detector initialized
2026-03-23 11:51:35 [INFO] backend.services.camera_monitor: Camera health monitor started
2026-03-23 11:51:35 [INFO] backend.main: ✓ Camera Monitor started
2026-03-23 11:51:35 [WARNING] backend.main: Skipping 128-dim descriptor for user 'OpG6Qn3Dk7M9qvNeAyDg' ('jeanlois de la cruz') — re-enroll to fix recognition.
2026-03-23 11:51:35 [WARNING] backend.main: Skipping 128-dim descriptor for user 'PesBMMw2DJt5LA5bgGNc' ('Janna Luz') — re-enroll to fix recognition.
2026-03-23 11:51:35 [WARNING] backend.main: Skipping 128-dim descriptor for user 'l1pItVCAa93It5F4AgHy' ('Pofesor David') — re-enroll to fix recognition.
2026-03-23 11:51:35 [WARNING] backend.main: 3 descriptor(s) skipped (wrong dimension). Re-enroll those users via the app to restore recognition.
2026-03-23 11:51:35 [INFO] backend.main: ✓ Loaded 2 face descriptor(s) from Firestore
2026-03-23 11:51:35 [INFO] backend.vision.pipeline: Starting Vision Pipeline (decoupled mode)...
2026-03-23 11:51:36 [INFO] backend.vision.face_engine: FaceEngine initialized: model=buffalo_sc, det_size=(320, 320), providers=['CPUExecutionProvider']
2026-03-23 11:51:36 [INFO] backend.vision.camera: [cam_axis_01] Camera stream started: Axis P1447-LE
2026-03-23 11:51:36 [INFO] backend.vision.pipeline: [cam_axis_01] Display thread started (25 FPS)
2026-03-23 11:51:36 [INFO] backend.vision.pipeline: [cam_axis_01] Detection thread started
2026-03-23 11:51:36 [INFO] backend.vision.camera: [cam_webcam] Camera stream started: Laptop Webcam
2026-03-23 11:51:36 [INFO] backend.vision.pipeline: [cam_webcam] Display thread started (25 FPS)
2026-03-23 11:51:36 [INFO] backend.vision.pipeline: [cam_webcam] Detection thread started
2026-03-23 11:51:36 [INFO] backend.vision.pipeline: Vision Pipeline started with 2 cameras
2026-03-23 11:51:37 [INFO] backend.main: ✓ Vision Pipeline started
2026-03-23 11:51:37 [INFO] backend.api.door_controller: Door auto-lock thread started
2026-03-23 11:51:37 [INFO] backend.main: ✓ Door auto-lock thread started
2026-03-23 11:51:37 [INFO] backend.main: ============================================================
2026-03-23 11:51:37 [INFO] backend.main:   LabSecure AI v2 — Ready
2026-03-23 11:51:37 [INFO] backend.main: ============================================================
2026-03-23 11:51:37 [INFO] backend.utils.sim_clock: Simulation clock set to 2026-03-23 monday 08:30
2026-03-23 11:51:38 [INFO] backend.vision.camera: [cam_webcam] Connected to 0
2026-03-23 11:52:06 [WARNING] backend.vision.camera: [cam_axis_01] Failed to open rtsp://root:admin12345$_@192.168.0.90:554/axis-media/media.amp
2026-03-23 11:52:06 [INFO] backend.vision.camera: [cam_axis_01] Retrying in 2.0s...
2026-03-23 11:52:38 [WARNING] backend.vision.camera: [cam_axis_01] Failed to open rtsp://root:admin12345$_@192.168.0.90:554/axis-media/media.amp
2026-03-23 11:52:38 [INFO] backend.vision.camera: [cam_axis_01] Retrying in 3.0s...
2026-03-23 11:53:09 [INFO] backend.main: Shutting down LabSecure AI v2...
2026-03-23 11:53:09 [INFO] backend.vision.pipeline: [cam_axis_01] Display thread stopped
2026-03-23 11:53:09 [INFO] backend.vision.pipeline: [cam_webcam] Display thread stopped
2026-03-23 11:53:09 [INFO] backend.vision.pipeline: [cam_axis_01] Detection thread stopped
2026-03-23 11:53:09 [INFO] backend.vision.pipeline: [cam_webcam] Detection thread stopped
2026-03-23 11:53:11 [WARNING] backend.vision.camera: [cam_axis_01] Failed to open rtsp://root:admin12345$_@192.168.0.90:554/axis-media/media.amp
2026-03-23 11:53:11 [INFO] backend.vision.camera: [cam_axis_01] Retrying in 4.5s...
2026-03-23 11:53:14 [INFO] backend.vision.camera: [cam_axis_01] Camera stream stopped: Axis P1447-LE
2026-03-23 11:53:14 [INFO] backend.vision.camera: [cam_webcam] Camera stream stopped: Laptop Webcam
2026-03-23 11:53:14 [INFO] backend.vision.pipeline: Vision Pipeline stopped
2026-03-23 11:53:17 [INFO] backend.services.camera_monitor: Camera health monitor stopped
2026-03-23 11:53:20 [INFO] backend.main: ✓ Event batch writer stopped
2026-03-23 11:53:20 [INFO] backend.main: Shutdown complete.
2026-03-23 11:53:23 [INFO] backend.main: ============================================================
2026-03-23 11:53:23 [INFO] backend.main:   LabSecure AI v2 — Starting Up
2026-03-23 11:53:23 [INFO] backend.main: ============================================================
2026-03-23 11:53:24 [INFO] backend.main: ✓ Firebase initialized
2026-03-23 11:53:24 [INFO] backend.db.repositories: Event batch writer started
2026-03-23 11:53:24 [INFO] backend.main: ✓ Event batch writer started
2026-03-23 11:53:24 [INFO] backend.main: ✓ Access Controller initialized
2026-03-23 11:53:24 [INFO] backend.main: ✓ Anomaly Detector initialized
2026-03-23 11:53:24 [INFO] backend.services.camera_monitor: Camera health monitor started
2026-03-23 11:53:24 [INFO] backend.main: ✓ Camera Monitor started
2026-03-23 11:53:25 [WARNING] backend.main: Skipping 128-dim descriptor for user 'OpG6Qn3Dk7M9qvNeAyDg' ('jeanlois de la cruz') — re-enroll to fix recognition.
2026-03-23 11:53:25 [WARNING] backend.main: Skipping 128-dim descriptor for user 'PesBMMw2DJt5LA5bgGNc' ('Janna Luz') — re-enroll to fix recognition.
2026-03-23 11:53:25 [WARNING] backend.main: Skipping 128-dim descriptor for user 'l1pItVCAa93It5F4AgHy' ('Pofesor David') — re-enroll to fix recognition.
2026-03-23 11:53:25 [WARNING] backend.main: 3 descriptor(s) skipped (wrong dimension). Re-enroll those users via the app to restore recognition.
2026-03-23 11:53:25 [INFO] backend.main: ✓ Loaded 2 face descriptor(s) from Firestore
2026-03-23 11:53:25 [INFO] backend.vision.pipeline: Starting Vision Pipeline (decoupled mode)...
2026-03-23 11:53:26 [INFO] backend.vision.face_engine: FaceEngine initialized: model=buffalo_sc, det_size=(320, 320), providers=['CPUExecutionProvider']
2026-03-23 11:53:26 [INFO] backend.vision.camera: [cam_axis_01] Camera stream started: Axis P1447-LE
2026-03-23 11:53:26 [INFO] backend.vision.pipeline: [cam_axis_01] Display thread started (25 FPS)
2026-03-23 11:53:26 [INFO] backend.vision.pipeline: [cam_axis_01] Detection thread started
2026-03-23 11:53:26 [INFO] backend.vision.camera: [cam_webcam] Camera stream started: Laptop Webcam
2026-03-23 11:53:26 [INFO] backend.vision.pipeline: [cam_webcam] Display thread started (25 FPS)
2026-03-23 11:53:26 [INFO] backend.vision.pipeline: [cam_webcam] Detection thread started
2026-03-23 11:53:26 [INFO] backend.vision.pipeline: Vision Pipeline started with 2 cameras
2026-03-23 11:53:26 [INFO] backend.main: ✓ Vision Pipeline started
2026-03-23 11:53:26 [INFO] backend.api.door_controller: Door auto-lock thread started
2026-03-23 11:53:26 [INFO] backend.main: ✓ Door auto-lock thread started
2026-03-23 11:53:26 [INFO] backend.main: ============================================================
2026-03-23 11:53:26 [INFO] backend.main:   LabSecure AI v2 — Ready
2026-03-23 11:53:26 [INFO] backend.main: ============================================================
2026-03-23 11:53:28 [INFO] backend.main: ============================================================
2026-03-23 11:53:28 [INFO] backend.main:   LabSecure AI v2 — Starting Up
2026-03-23 11:53:28 [INFO] backend.main: ============================================================
2026-03-23 11:53:28 [INFO] backend.main: ✓ Firebase initialized
2026-03-23 11:53:28 [INFO] backend.db.repositories: Event batch writer started
2026-03-23 11:53:28 [INFO] backend.main: ✓ Event batch writer started
2026-03-23 11:53:28 [INFO] backend.main: ✓ Access Controller initialized
2026-03-23 11:53:28 [INFO] backend.main: ✓ Anomaly Detector initialized
2026-03-23 11:53:28 [INFO] backend.services.camera_monitor: Camera health monitor started
2026-03-23 11:53:28 [INFO] backend.main: ✓ Camera Monitor started
2026-03-23 11:53:29 [WARNING] backend.main: Skipping 128-dim descriptor for user 'OpG6Qn3Dk7M9qvNeAyDg' ('jeanlois de la cruz') — re-enroll to fix recognition.
2026-03-23 11:53:29 [WARNING] backend.main: Skipping 128-dim descriptor for user 'PesBMMw2DJt5LA5bgGNc' ('Janna Luz') — re-enroll to fix recognition.
2026-03-23 11:53:29 [WARNING] backend.main: Skipping 128-dim descriptor for user 'l1pItVCAa93It5F4AgHy' ('Pofesor David') — re-enroll to fix recognition.
2026-03-23 11:53:29 [WARNING] backend.main: 3 descriptor(s) skipped (wrong dimension). Re-enroll those users via the app to restore recognition.
2026-03-23 11:53:29 [INFO] backend.main: ✓ Loaded 2 face descriptor(s) from Firestore
2026-03-23 11:53:29 [INFO] backend.vision.pipeline: Starting Vision Pipeline (decoupled mode)...
2026-03-23 11:53:30 [INFO] backend.vision.face_engine: FaceEngine initialized: model=buffalo_sc, det_size=(320, 320), providers=['CPUExecutionProvider']
2026-03-23 11:53:30 [INFO] backend.vision.camera: [cam_axis_01] Camera stream started: Axis P1447-LE
2026-03-23 11:53:30 [INFO] backend.vision.pipeline: [cam_axis_01] Display thread started (25 FPS)
2026-03-23 11:53:30 [INFO] backend.vision.pipeline: [cam_axis_01] Detection thread started
2026-03-23 11:53:30 [INFO] backend.vision.camera: [cam_webcam] Camera stream started: Laptop Webcam
2026-03-23 11:53:30 [INFO] backend.vision.pipeline: [cam_webcam] Display thread started (25 FPS)
2026-03-23 11:53:30 [INFO] backend.vision.pipeline: [cam_webcam] Detection thread started
2026-03-23 11:53:30 [INFO] backend.vision.pipeline: Vision Pipeline started with 2 cameras
2026-03-23 11:53:30 [INFO] backend.main: ✓ Vision Pipeline started
2026-03-23 11:53:30 [INFO] backend.api.door_controller: Door auto-lock thread started
2026-03-23 11:53:30 [INFO] backend.main: ✓ Door auto-lock thread started
2026-03-23 11:53:30 [INFO] backend.main: ============================================================
2026-03-23 11:53:30 [INFO] backend.main:   LabSecure AI v2 — Ready
2026-03-23 11:53:30 [INFO] backend.main: ============================================================
2026-03-23 11:53:31 [INFO] backend.main: ============================================================
2026-03-23 11:53:31 [INFO] backend.main:   LabSecure AI v2 — Starting Up
2026-03-23 11:53:31 [INFO] backend.main: ============================================================
2026-03-23 11:53:32 [INFO] backend.main: ✓ Firebase initialized
2026-03-23 11:53:32 [INFO] backend.db.repositories: Event batch writer started
2026-03-23 11:53:32 [INFO] backend.main: ✓ Event batch writer started
2026-03-23 11:53:32 [INFO] backend.main: ✓ Access Controller initialized
2026-03-23 11:53:32 [INFO] backend.main: ✓ Anomaly Detector initialized
2026-03-23 11:53:32 [INFO] backend.services.camera_monitor: Camera health monitor started
2026-03-23 11:53:32 [INFO] backend.main: ✓ Camera Monitor started
2026-03-23 11:53:32 [WARNING] backend.main: Skipping 128-dim descriptor for user 'OpG6Qn3Dk7M9qvNeAyDg' ('jeanlois de la cruz') — re-enroll to fix recognition.
2026-03-23 11:53:32 [WARNING] backend.main: Skipping 128-dim descriptor for user 'PesBMMw2DJt5LA5bgGNc' ('Janna Luz') — re-enroll to fix recognition.
2026-03-23 11:53:32 [WARNING] backend.main: Skipping 128-dim descriptor for user 'l1pItVCAa93It5F4AgHy' ('Pofesor David') — re-enroll to fix recognition.
2026-03-23 11:53:32 [WARNING] backend.main: 3 descriptor(s) skipped (wrong dimension). Re-enroll those users via the app to restore recognition.
2026-03-23 11:53:32 [INFO] backend.main: ✓ Loaded 2 face descriptor(s) from Firestore
2026-03-23 11:53:32 [INFO] backend.vision.pipeline: Starting Vision Pipeline (decoupled mode)...
2026-03-23 11:53:34 [INFO] backend.vision.face_engine: FaceEngine initialized: model=buffalo_sc, det_size=(320, 320), providers=['CPUExecutionProvider']
2026-03-23 11:53:34 [INFO] backend.vision.camera: [cam_axis_01] Camera stream started: Axis P1447-LE
2026-03-23 11:53:34 [INFO] backend.vision.pipeline: [cam_axis_01] Display thread started (25 FPS)
2026-03-23 11:53:34 [INFO] backend.vision.pipeline: [cam_axis_01] Detection thread started
2026-03-23 11:53:34 [INFO] backend.vision.camera: [cam_webcam] Camera stream started: Laptop Webcam
2026-03-23 11:53:34 [INFO] backend.vision.pipeline: [cam_webcam] Display thread started (25 FPS)
2026-03-23 11:53:34 [INFO] backend.vision.pipeline: [cam_webcam] Detection thread started
2026-03-23 11:53:34 [INFO] backend.vision.pipeline: Vision Pipeline started with 2 cameras
2026-03-23 11:53:34 [INFO] backend.main: ✓ Vision Pipeline started
2026-03-23 11:53:34 [INFO] backend.api.door_controller: Door auto-lock thread started
2026-03-23 11:53:34 [INFO] backend.main: ✓ Door auto-lock thread started
2026-03-23 11:53:34 [INFO] backend.main: ============================================================
2026-03-23 11:53:34 [INFO] backend.main:   LabSecure AI v2 — Ready
2026-03-23 11:53:34 [INFO] backend.main: ============================================================
2026-03-23 11:53:36 [INFO] backend.vision.camera: [cam_webcam] Connected to 0
2026-03-23 11:54:04 [WARNING] backend.vision.camera: [cam_axis_01] Failed to open rtsp://root:admin12345$_@192.168.0.90:554/axis-media/media.amp
2026-03-23 11:54:04 [INFO] backend.vision.camera: [cam_axis_01] Retrying in 2.0s...
2026-03-23 11:54:36 [WARNING] backend.vision.camera: [cam_axis_01] Failed to open rtsp://root:admin12345$_@192.168.0.90:554/axis-media/media.amp
2026-03-23 11:54:36 [INFO] backend.vision.camera: [cam_axis_01] Retrying in 3.0s...
2026-03-23 11:54:44 [INFO] backend.utils.sim_clock: Simulation clock set to 2026-03-23 monday 08:30
2026-03-23 11:55:09 [WARNING] backend.vision.camera: [cam_axis_01] Failed to open rtsp://root:admin12345$_@192.168.0.90:554/axis-media/media.amp
2026-03-23 11:55:09 [INFO] backend.vision.camera: [cam_axis_01] Retrying in 4.5s...
2026-03-23 11:55:44 [WARNING] backend.vision.camera: [cam_axis_01] Failed to open rtsp://root:admin12345$_@192.168.0.90:554/axis-media/media.amp
2026-03-23 11:55:44 [INFO] backend.vision.camera: [cam_axis_01] Retrying in 6.8s...
2026-03-23 11:56:20 [WARNING] backend.vision.camera: [cam_axis_01] Failed to open rtsp://root:admin12345$_@192.168.0.90:554/axis-media/media.amp
2026-03-23 11:56:20 [INFO] backend.vision.camera: [cam_axis_01] Retrying in 10.1s...
2026-03-23 11:56:28 [INFO] backend.main: Shutting down LabSecure AI v2...
2026-03-23 11:56:28 [INFO] backend.vision.pipeline: [cam_axis_01] Detection thread stopped
2026-03-23 11:56:28 [INFO] backend.vision.pipeline: [cam_axis_01] Display thread stopped
2026-03-23 11:56:28 [INFO] backend.vision.pipeline: [cam_webcam] Display thread stopped
2026-03-23 11:56:28 [INFO] backend.vision.pipeline: [cam_webcam] Detection thread stopped
2026-03-23 11:56:30 [INFO] backend.vision.camera: [cam_axis_01] Camera stream stopped: Axis P1447-LE
2026-03-23 11:56:31 [INFO] backend.vision.camera: [cam_webcam] Camera stream stopped: Laptop Webcam
2026-03-23 11:56:31 [INFO] backend.vision.pipeline: Vision Pipeline stopped
2026-03-23 11:56:41 [INFO] backend.services.camera_monitor: Camera health monitor stopped
2026-03-23 11:56:42 [INFO] backend.main: ✓ Event batch writer stopped
2026-03-23 11:56:42 [INFO] backend.main: Shutdown complete.
2026-03-23 11:56:44 [INFO] backend.main: ============================================================
2026-03-23 11:56:44 [INFO] backend.main:   LabSecure AI v2 — Starting Up
2026-03-23 11:56:44 [INFO] backend.main: ============================================================
2026-03-23 11:56:44 [INFO] backend.main: ✓ Firebase initialized
2026-03-23 11:56:44 [INFO] backend.db.repositories: Event batch writer started
2026-03-23 11:56:44 [INFO] backend.main: ✓ Event batch writer started
2026-03-23 11:56:44 [INFO] backend.main: ✓ Access Controller initialized
2026-03-23 11:56:44 [INFO] backend.main: ✓ Anomaly Detector initialized
2026-03-23 11:56:44 [INFO] backend.services.camera_monitor: Camera health monitor started
2026-03-23 11:56:44 [INFO] backend.main: ✓ Camera Monitor started
2026-03-23 11:56:45 [WARNING] backend.main: Skipping 128-dim descriptor for user 'OpG6Qn3Dk7M9qvNeAyDg' ('jeanlois de la cruz') — re-enroll to fix recognition.
2026-03-23 11:56:45 [WARNING] backend.main: Skipping 128-dim descriptor for user 'PesBMMw2DJt5LA5bgGNc' ('Janna Luz') — re-enroll to fix recognition.
2026-03-23 11:56:45 [WARNING] backend.main: Skipping 128-dim descriptor for user 'l1pItVCAa93It5F4AgHy' ('Pofesor David') — re-enroll to fix recognition.
2026-03-23 11:56:45 [WARNING] backend.main: 3 descriptor(s) skipped (wrong dimension). Re-enroll those users via the app to restore recognition.
2026-03-23 11:56:45 [INFO] backend.main: ✓ Loaded 2 face descriptor(s) from Firestore
2026-03-23 11:56:45 [INFO] backend.vision.pipeline: Starting Vision Pipeline (decoupled mode)...
2026-03-23 11:56:46 [INFO] backend.vision.face_engine: FaceEngine initialized: model=buffalo_sc, det_size=(320, 320), providers=['CPUExecutionProvider']
2026-03-23 11:56:46 [INFO] backend.vision.camera: [cam_axis_01] Camera stream started: Axis P1447-LE
2026-03-23 11:56:46 [INFO] backend.vision.pipeline: [cam_axis_01] Display thread started (25 FPS)
2026-03-23 11:56:46 [INFO] backend.vision.pipeline: [cam_axis_01] Detection thread started
2026-03-23 11:56:46 [INFO] backend.vision.camera: [cam_webcam] Camera stream started: Laptop Webcam
2026-03-23 11:56:46 [INFO] backend.vision.pipeline: [cam_webcam] Display thread started (25 FPS)
2026-03-23 11:56:46 [INFO] backend.vision.pipeline: [cam_webcam] Detection thread started
2026-03-23 11:56:46 [INFO] backend.vision.pipeline: Vision Pipeline started with 2 cameras
2026-03-23 11:56:46 [INFO] backend.main: ✓ Vision Pipeline started
2026-03-23 11:56:46 [INFO] backend.api.door_controller: Door auto-lock thread started
2026-03-23 11:56:46 [INFO] backend.main: ✓ Door auto-lock thread started
2026-03-23 11:56:46 [INFO] backend.main: ============================================================
2026-03-23 11:56:46 [INFO] backend.main:   LabSecure AI v2 — Ready
2026-03-23 11:56:46 [INFO] backend.main: ============================================================
2026-03-23 11:56:48 [INFO] backend.main: ============================================================
2026-03-23 11:56:48 [INFO] backend.main:   LabSecure AI v2 — Starting Up
2026-03-23 11:56:48 [INFO] backend.main: ============================================================
2026-03-23 11:56:48 [INFO] backend.main: ✓ Firebase initialized
2026-03-23 11:56:48 [INFO] backend.db.repositories: Event batch writer started
2026-03-23 11:56:48 [INFO] backend.main: ✓ Event batch writer started
2026-03-23 11:56:48 [INFO] backend.main: ✓ Access Controller initialized
2026-03-23 11:56:48 [INFO] backend.main: ✓ Anomaly Detector initialized
2026-03-23 11:56:48 [INFO] backend.services.camera_monitor: Camera health monitor started
2026-03-23 11:56:48 [INFO] backend.main: ✓ Camera Monitor started
2026-03-23 11:56:49 [WARNING] backend.main: Skipping 128-dim descriptor for user 'OpG6Qn3Dk7M9qvNeAyDg' ('jeanlois de la cruz') — re-enroll to fix recognition.
2026-03-23 11:56:49 [WARNING] backend.main: Skipping 128-dim descriptor for user 'PesBMMw2DJt5LA5bgGNc' ('Janna Luz') — re-enroll to fix recognition.
2026-03-23 11:56:49 [WARNING] backend.main: Skipping 128-dim descriptor for user 'l1pItVCAa93It5F4AgHy' ('Pofesor David') — re-enroll to fix recognition.
2026-03-23 11:56:49 [WARNING] backend.main: 3 descriptor(s) skipped (wrong dimension). Re-enroll those users via the app to restore recognition.
2026-03-23 11:56:49 [INFO] backend.main: ✓ Loaded 2 face descriptor(s) from Firestore
2026-03-23 11:56:49 [INFO] backend.vision.pipeline: Starting Vision Pipeline (decoupled mode)...
2026-03-23 11:56:50 [INFO] backend.vision.face_engine: FaceEngine initialized: model=buffalo_sc, det_size=(320, 320), providers=['CPUExecutionProvider']
2026-03-23 11:56:50 [INFO] backend.vision.camera: [cam_axis_01] Camera stream started: Axis P1447-LE
2026-03-23 11:56:50 [INFO] backend.vision.pipeline: [cam_axis_01] Display thread started (25 FPS)
2026-03-23 11:56:50 [INFO] backend.vision.pipeline: [cam_axis_01] Detection thread started
2026-03-23 11:56:50 [INFO] backend.vision.camera: [cam_webcam] Camera stream started: Laptop Webcam
2026-03-23 11:56:50 [INFO] backend.vision.pipeline: [cam_webcam] Display thread started (25 FPS)
2026-03-23 11:56:50 [INFO] backend.vision.pipeline: [cam_webcam] Detection thread started
2026-03-23 11:56:50 [INFO] backend.vision.pipeline: Vision Pipeline started with 2 cameras
2026-03-23 11:56:50 [INFO] backend.main: ✓ Vision Pipeline started
2026-03-23 11:56:50 [INFO] backend.api.door_controller: Door auto-lock thread started
2026-03-23 11:56:50 [INFO] backend.main: ✓ Door auto-lock thread started
2026-03-23 11:56:50 [INFO] backend.main: ============================================================
2026-03-23 11:56:50 [INFO] backend.main:   LabSecure AI v2 — Ready
2026-03-23 11:56:50 [INFO] backend.main: ============================================================
2026-03-23 11:56:51 [INFO] backend.utils.sim_clock: Simulation clock set to 2026-03-23 monday 08:30
2026-03-23 11:56:52 [INFO] backend.vision.camera: [cam_webcam] Connected to 0
2026-03-23 11:57:20 [WARNING] backend.vision.camera: [cam_axis_01] Failed to open rtsp://root:admin12345$_@192.168.0.90:554/axis-media/media.amp
2026-03-23 11:57:20 [INFO] backend.vision.camera: [cam_axis_01] Retrying in 2.0s...
2026-03-23 11:57:52 [WARNING] backend.vision.camera: [cam_axis_01] Failed to open rtsp://root:admin12345$_@192.168.0.90:554/axis-media/media.amp
2026-03-23 11:57:52 [INFO] backend.vision.camera: [cam_axis_01] Retrying in 3.0s...
2026-03-23 11:58:25 [WARNING] backend.vision.camera: [cam_axis_01] Failed to open rtsp://root:admin12345$_@192.168.0.90:554/axis-media/media.amp
2026-03-23 11:58:25 [INFO] backend.vision.camera: [cam_axis_01] Retrying in 4.5s...
2026-03-23 11:58:59 [INFO] backend.main: Shutting down LabSecure AI v2...
2026-03-23 11:58:59 [INFO] backend.vision.pipeline: [cam_axis_01] Display thread stopped
2026-03-23 11:58:59 [INFO] backend.vision.pipeline: [cam_webcam] Detection thread stopped
2026-03-23 11:58:59 [INFO] backend.vision.pipeline: [cam_webcam] Display thread stopped
2026-03-23 11:58:59 [INFO] backend.vision.pipeline: [cam_axis_01] Detection thread stopped
2026-03-23 11:59:00 [WARNING] backend.vision.camera: [cam_axis_01] Failed to open rtsp://root:admin12345$_@192.168.0.90:554/axis-media/media.amp
2026-03-23 11:59:00 [INFO] backend.vision.camera: [cam_axis_01] Retrying in 6.8s...
2026-03-23 11:59:04 [INFO] backend.vision.camera: [cam_axis_01] Camera stream stopped: Axis P1447-LE
2026-03-23 11:59:04 [INFO] backend.vision.camera: [cam_webcam] Camera stream stopped: Laptop Webcam
2026-03-23 11:59:04 [INFO] backend.vision.pipeline: Vision Pipeline stopped
2026-03-23 11:59:05 [INFO] backend.services.camera_monitor: Camera health monitor stopped
2026-03-23 11:59:11 [INFO] backend.main: ============================================================
2026-03-23 11:59:11 [INFO] backend.main:   LabSecure AI v2 — Starting Up
2026-03-23 11:59:11 [INFO] backend.main: ============================================================
2026-03-23 11:59:12 [INFO] backend.main: ✓ Firebase initialized
2026-03-23 11:59:12 [INFO] backend.db.repositories: Event batch writer started
2026-03-23 11:59:12 [INFO] backend.main: ✓ Event batch writer started
2026-03-23 11:59:12 [INFO] backend.main: ✓ Access Controller initialized
2026-03-23 11:59:12 [INFO] backend.main: ✓ Anomaly Detector initialized
2026-03-23 11:59:12 [INFO] backend.services.camera_monitor: Camera health monitor started
2026-03-23 11:59:12 [INFO] backend.main: ✓ Camera Monitor started
2026-03-23 11:59:13 [WARNING] backend.main: Skipping 128-dim descriptor for user 'OpG6Qn3Dk7M9qvNeAyDg' ('jeanlois de la cruz') — re-enroll to fix recognition.
2026-03-23 11:59:13 [WARNING] backend.main: Skipping 128-dim descriptor for user 'PesBMMw2DJt5LA5bgGNc' ('Janna Luz') — re-enroll to fix recognition.
2026-03-23 11:59:13 [WARNING] backend.main: Skipping 128-dim descriptor for user 'l1pItVCAa93It5F4AgHy' ('Pofesor David') — re-enroll to fix recognition.
2026-03-23 11:59:13 [WARNING] backend.main: 3 descriptor(s) skipped (wrong dimension). Re-enroll those users via the app to restore recognition.
2026-03-23 11:59:13 [INFO] backend.main: ✓ Loaded 2 face descriptor(s) from Firestore
2026-03-23 11:59:13 [INFO] backend.vision.pipeline: Starting Vision Pipeline (decoupled mode)...
2026-03-23 11:59:14 [INFO] backend.vision.face_engine: FaceEngine initialized: model=buffalo_sc, det_size=(320, 320), providers=['CPUExecutionProvider']
2026-03-23 11:59:14 [INFO] backend.vision.camera: [cam_axis_01] Camera stream started: Axis P1447-LE
2026-03-23 11:59:14 [INFO] backend.vision.pipeline: [cam_axis_01] Display thread started (25 FPS)
2026-03-23 11:59:14 [INFO] backend.vision.pipeline: [cam_axis_01] Detection thread started
2026-03-23 11:59:14 [INFO] backend.vision.camera: [cam_webcam] Camera stream started: Laptop Webcam
2026-03-23 11:59:14 [INFO] backend.vision.pipeline: [cam_webcam] Display thread started (25 FPS)
2026-03-23 11:59:14 [INFO] backend.vision.pipeline: [cam_webcam] Detection thread started
2026-03-23 11:59:14 [INFO] backend.vision.pipeline: Vision Pipeline started with 2 cameras
2026-03-23 11:59:15 [INFO] backend.main: ✓ Vision Pipeline started
2026-03-23 11:59:15 [INFO] backend.api.door_controller: Door auto-lock thread started
2026-03-23 11:59:15 [INFO] backend.main: ✓ Door auto-lock thread started
2026-03-23 11:59:15 [INFO] backend.main: ============================================================
2026-03-23 11:59:15 [INFO] backend.main:   LabSecure AI v2 — Ready
2026-03-23 11:59:15 [INFO] backend.main: ============================================================
2026-03-23 11:59:16 [INFO] backend.vision.camera: [cam_webcam] Connected to 0
2026-03-23 11:59:36 [INFO] backend.utils.sim_clock: Simulation clock set to 2026-03-23 monday 09:00
2026-03-23 11:59:37 [INFO] backend.api.door_controller: [qIH3ae0D99tTU5diycoG] Continuous scan started
2026-03-23 11:59:37 [INFO] backend.api.door_controller: Door UNLOCKED — room=Telematics Lab, by=Fabrice Thenor Louis, schedule=Morning Lab
2026-03-23 11:59:44 [WARNING] backend.vision.camera: [cam_axis_01] Failed to open rtsp://root:admin12345$_@192.168.0.90:554/axis-media/media.amp
2026-03-23 11:59:44 [INFO] backend.vision.camera: [cam_axis_01] Retrying in 2.0s...
2026-03-23 12:00:17 [WARNING] backend.vision.camera: [cam_axis_01] Failed to open rtsp://root:admin12345$_@192.168.0.90:554/axis-media/media.amp
2026-03-23 12:00:17 [INFO] backend.vision.camera: [cam_axis_01] Retrying in 3.0s...
2026-03-23 12:00:50 [WARNING] backend.vision.camera: [cam_axis_01] Failed to open rtsp://root:admin12345$_@192.168.0.90:554/axis-media/media.amp
2026-03-23 12:00:50 [INFO] backend.vision.camera: [cam_axis_01] Retrying in 4.5s...
2026-03-23 12:01:24 [WARNING] backend.vision.camera: [cam_axis_01] Failed to open rtsp://root:admin12345$_@192.168.0.90:554/axis-media/media.amp
2026-03-23 12:01:24 [INFO] backend.vision.camera: [cam_axis_01] Retrying in 6.8s...
2026-03-23 12:02:01 [WARNING] backend.vision.camera: [cam_axis_01] Failed to open rtsp://root:admin12345$_@192.168.0.90:554/axis-media/media.amp
2026-03-23 12:02:01 [INFO] backend.vision.camera: [cam_axis_01] Retrying in 10.1s...
2026-03-23 12:02:41 [WARNING] backend.vision.camera: [cam_axis_01] Failed to open rtsp://root:admin12345$_@192.168.0.90:554/axis-media/media.amp
2026-03-23 12:02:41 [INFO] backend.vision.camera: [cam_axis_01] Retrying in 15.2s...
2026-03-23 12:03:16 [INFO] backend.main: Shutting down LabSecure AI v2...
2026-03-23 12:03:16 [INFO] backend.vision.pipeline: [cam_axis_01] Display thread stopped
2026-03-23 12:03:16 [INFO] backend.vision.pipeline: [cam_webcam] Display thread stopped
2026-03-23 12:03:16 [INFO] backend.vision.pipeline: [cam_axis_01] Detection thread stopped
2026-03-23 12:03:16 [INFO] backend.vision.pipeline: [cam_webcam] Detection thread stopped
2026-03-23 12:03:21 [INFO] backend.vision.camera: [cam_axis_01] Camera stream stopped: Axis P1447-LE
2026-03-23 12:03:21 [INFO] backend.vision.camera: [cam_webcam] Camera stream stopped: Laptop Webcam
2026-03-23 12:03:21 [INFO] backend.vision.pipeline: Vision Pipeline stopped
2026-03-23 12:03:26 [WARNING] backend.vision.camera: [cam_axis_01] Failed to open rtsp://root:admin12345$_@192.168.0.90:554/axis-media/media.amp
2026-03-23 12:03:26 [INFO] backend.vision.camera: [cam_axis_01] Retrying in 22.8s...
2026-03-23 12:03:31 [INFO] backend.services.camera_monitor: Camera health monitor stopped
2026-03-23 12:03:33 [INFO] backend.main: ✓ Event batch writer stopped
2026-03-23 12:03:33 [INFO] backend.main: Shutdown complete.
2026-03-23 12:03:35 [INFO] backend.main: ============================================================
2026-03-23 12:03:35 [INFO] backend.main:   LabSecure AI v2 — Starting Up
2026-03-23 12:03:35 [INFO] backend.main: ============================================================
2026-03-23 12:03:35 [INFO] backend.main: ✓ Firebase initialized
2026-03-23 12:03:35 [INFO] backend.db.repositories: Event batch writer started
2026-03-23 12:03:35 [INFO] backend.main: ✓ Event batch writer started
2026-03-23 12:03:35 [INFO] backend.main: ✓ Access Controller initialized
2026-03-23 12:03:35 [INFO] backend.main: ✓ Anomaly Detector initialized
2026-03-23 12:03:35 [INFO] backend.services.camera_monitor: Camera health monitor started
2026-03-23 12:03:35 [INFO] backend.main: ✓ Camera Monitor started
2026-03-23 12:03:36 [WARNING] backend.main: Skipping 128-dim descriptor for user 'OpG6Qn3Dk7M9qvNeAyDg' ('jeanlois de la cruz') — re-enroll to fix recognition.
2026-03-23 12:03:36 [WARNING] backend.main: Skipping 128-dim descriptor for user 'PesBMMw2DJt5LA5bgGNc' ('Janna Luz') — re-enroll to fix recognition.
2026-03-23 12:03:36 [WARNING] backend.main: Skipping 128-dim descriptor for user 'l1pItVCAa93It5F4AgHy' ('Pofesor David') — re-enroll to fix recognition.
2026-03-23 12:03:36 [WARNING] backend.main: 3 descriptor(s) skipped (wrong dimension). Re-enroll those users via the app to restore recognition.
2026-03-23 12:03:36 [INFO] backend.main: ✓ Loaded 2 face descriptor(s) from Firestore
2026-03-23 12:03:36 [INFO] backend.vision.pipeline: Starting Vision Pipeline (decoupled mode)...
2026-03-23 12:03:38 [INFO] backend.vision.face_engine: FaceEngine initialized: model=buffalo_sc, det_size=(320, 320), providers=['CPUExecutionProvider']
2026-03-23 12:03:38 [INFO] backend.vision.camera: [cam_axis_01] Camera stream started: Axis P1447-LE
2026-03-23 12:03:38 [INFO] backend.vision.pipeline: [cam_axis_01] Display thread started (25 FPS)
2026-03-23 12:03:38 [INFO] backend.vision.pipeline: [cam_axis_01] Detection thread started
2026-03-23 12:03:38 [INFO] backend.vision.camera: [cam_webcam] Camera stream started: Laptop Webcam
2026-03-23 12:03:38 [INFO] backend.vision.pipeline: [cam_webcam] Display thread started (25 FPS)
2026-03-23 12:03:38 [INFO] backend.vision.pipeline: [cam_webcam] Detection thread started
2026-03-23 12:03:38 [INFO] backend.vision.pipeline: Vision Pipeline started with 2 cameras
2026-03-23 12:03:38 [INFO] backend.main: ✓ Vision Pipeline started
2026-03-23 12:03:38 [INFO] backend.api.door_controller: Door auto-lock thread started
2026-03-23 12:03:38 [INFO] backend.main: ✓ Door auto-lock thread started
2026-03-23 12:03:38 [INFO] backend.main: ============================================================
2026-03-23 12:03:38 [INFO] backend.main:   LabSecure AI v2 — Ready
2026-03-23 12:03:38 [INFO] backend.main: ============================================================
2026-03-23 12:03:40 [INFO] backend.main: ============================================================
2026-03-23 12:03:40 [INFO] backend.main:   LabSecure AI v2 — Starting Up
2026-03-23 12:03:40 [INFO] backend.main: ============================================================
2026-03-23 12:03:40 [INFO] backend.main: ✓ Firebase initialized
2026-03-23 12:03:40 [INFO] backend.db.repositories: Event batch writer started
2026-03-23 12:03:40 [INFO] backend.main: ✓ Event batch writer started
2026-03-23 12:03:40 [INFO] backend.main: ✓ Access Controller initialized
2026-03-23 12:03:40 [INFO] backend.main: ✓ Anomaly Detector initialized
2026-03-23 12:03:40 [INFO] backend.services.camera_monitor: Camera health monitor started
2026-03-23 12:03:40 [INFO] backend.main: ✓ Camera Monitor started
2026-03-23 12:03:41 [WARNING] backend.main: Skipping 128-dim descriptor for user 'OpG6Qn3Dk7M9qvNeAyDg' ('jeanlois de la cruz') — re-enroll to fix recognition.
2026-03-23 12:03:41 [WARNING] backend.main: Skipping 128-dim descriptor for user 'PesBMMw2DJt5LA5bgGNc' ('Janna Luz') — re-enroll to fix recognition.
2026-03-23 12:03:41 [WARNING] backend.main: Skipping 128-dim descriptor for user 'l1pItVCAa93It5F4AgHy' ('Pofesor David') — re-enroll to fix recognition.
2026-03-23 12:03:41 [WARNING] backend.main: 3 descriptor(s) skipped (wrong dimension). Re-enroll those users via the app to restore recognition.
2026-03-23 12:03:41 [INFO] backend.main: ✓ Loaded 2 face descriptor(s) from Firestore
2026-03-23 12:03:41 [INFO] backend.vision.pipeline: Starting Vision Pipeline (decoupled mode)...
2026-03-23 12:03:42 [INFO] backend.vision.face_engine: FaceEngine initialized: model=buffalo_sc, det_size=(320, 320), providers=['CPUExecutionProvider']
2026-03-23 12:03:42 [INFO] backend.vision.camera: [cam_axis_01] Camera stream started: Axis P1447-LE
2026-03-23 12:03:42 [INFO] backend.vision.pipeline: [cam_axis_01] Display thread started (25 FPS)
2026-03-23 12:03:42 [INFO] backend.vision.pipeline: [cam_axis_01] Detection thread started
2026-03-23 12:03:42 [INFO] backend.vision.camera: [cam_webcam] Camera stream started: Laptop Webcam
2026-03-23 12:03:42 [INFO] backend.vision.pipeline: [cam_webcam] Display thread started (25 FPS)
2026-03-23 12:03:42 [INFO] backend.vision.pipeline: [cam_webcam] Detection thread started
2026-03-23 12:03:42 [INFO] backend.vision.pipeline: Vision Pipeline started with 2 cameras
2026-03-23 12:03:43 [INFO] backend.main: ✓ Vision Pipeline started
2026-03-23 12:03:43 [INFO] backend.api.door_controller: Door auto-lock thread started
2026-03-23 12:03:43 [INFO] backend.main: ✓ Door auto-lock thread started
2026-03-23 12:03:43 [INFO] backend.main: ============================================================
2026-03-23 12:03:43 [INFO] backend.main:   LabSecure AI v2 — Ready
2026-03-23 12:03:43 [INFO] backend.main: ============================================================
2026-03-23 12:03:44 [INFO] backend.vision.camera: [cam_webcam] Connected to 0
2026-03-23 12:04:12 [WARNING] backend.vision.camera: [cam_axis_01] Failed to open rtsp://root:admin12345$_@192.168.0.90:554/axis-media/media.amp
2026-03-23 12:04:12 [INFO] backend.vision.camera: [cam_axis_01] Retrying in 2.0s...
2026-03-23 12:04:39 [INFO] backend.main: Shutting down LabSecure AI v2...
2026-03-23 12:04:39 [INFO] backend.vision.pipeline: [cam_webcam] Display thread stopped
2026-03-23 12:04:39 [INFO] backend.vision.pipeline: [cam_axis_01] Display thread stopped
2026-03-23 12:04:39 [INFO] backend.vision.pipeline: [cam_axis_01] Detection thread stopped
2026-03-23 12:04:39 [INFO] backend.vision.pipeline: [cam_webcam] Detection thread stopped
2026-03-23 12:04:44 [INFO] backend.vision.camera: [cam_axis_01] Camera stream stopped: Axis P1447-LE
2026-03-23 12:04:44 [INFO] backend.vision.camera: [cam_webcam] Camera stream stopped: Laptop Webcam
2026-03-23 12:04:44 [INFO] backend.vision.pipeline: Vision Pipeline stopped
2026-03-23 12:04:44 [WARNING] backend.vision.camera: [cam_axis_01] Failed to open rtsp://root:admin12345$_@192.168.0.90:554/axis-media/media.amp
2026-03-23 12:04:44 [INFO] backend.vision.camera: [cam_axis_01] Retrying in 3.0s...
2026-03-23 12:04:49 [INFO] backend.services.camera_monitor: Camera health monitor stopped
2026-03-23 12:04:50 [INFO] backend.main: ✓ Event batch writer stopped
2026-03-23 12:04:50 [INFO] backend.main: Shutdown complete.
2026-03-23 12:04:52 [INFO] backend.main: ============================================================
2026-03-23 12:04:52 [INFO] backend.main:   LabSecure AI v2 — Starting Up
2026-03-23 12:04:52 [INFO] backend.main: ============================================================
2026-03-23 12:04:52 [INFO] backend.main: ✓ Firebase initialized
2026-03-23 12:04:52 [INFO] backend.db.repositories: Event batch writer started
2026-03-23 12:04:52 [INFO] backend.main: ✓ Event batch writer started
2026-03-23 12:04:52 [INFO] backend.main: ✓ Access Controller initialized
2026-03-23 12:04:52 [INFO] backend.main: ✓ Anomaly Detector initialized
2026-03-23 12:04:53 [INFO] backend.services.camera_monitor: Camera health monitor started
2026-03-23 12:04:53 [INFO] backend.main: ✓ Camera Monitor started
2026-03-23 12:04:53 [WARNING] backend.main: Skipping 128-dim descriptor for user 'OpG6Qn3Dk7M9qvNeAyDg' ('jeanlois de la cruz') — re-enroll to fix recognition.
2026-03-23 12:04:53 [WARNING] backend.main: Skipping 128-dim descriptor for user 'PesBMMw2DJt5LA5bgGNc' ('Janna Luz') — re-enroll to fix recognition.
2026-03-23 12:04:53 [WARNING] backend.main: Skipping 128-dim descriptor for user 'l1pItVCAa93It5F4AgHy' ('Pofesor David') — re-enroll to fix recognition.
2026-03-23 12:04:53 [WARNING] backend.main: 3 descriptor(s) skipped (wrong dimension). Re-enroll those users via the app to restore recognition.
2026-03-23 12:04:53 [INFO] backend.main: ✓ Loaded 2 face descriptor(s) from Firestore
2026-03-23 12:04:53 [INFO] backend.vision.pipeline: Starting Vision Pipeline (decoupled mode)...
2026-03-23 12:04:55 [INFO] backend.vision.face_engine: FaceEngine initialized: model=buffalo_sc, det_size=(320, 320), providers=['CPUExecutionProvider']
2026-03-23 12:04:55 [INFO] backend.vision.camera: [cam_axis_01] Camera stream started: Axis P1447-LE
2026-03-23 12:04:55 [INFO] backend.vision.pipeline: [cam_axis_01] Display thread started (25 FPS)
2026-03-23 12:04:55 [INFO] backend.vision.pipeline: [cam_axis_01] Detection thread started
2026-03-23 12:04:55 [INFO] backend.vision.camera: [cam_webcam] Camera stream started: Laptop Webcam
2026-03-23 12:04:55 [INFO] backend.vision.pipeline: [cam_webcam] Display thread started (25 FPS)
2026-03-23 12:04:55 [INFO] backend.vision.pipeline: [cam_webcam] Detection thread started
2026-03-23 12:04:55 [INFO] backend.vision.pipeline: Vision Pipeline started with 2 cameras
2026-03-23 12:04:55 [INFO] backend.main: ✓ Vision Pipeline started
2026-03-23 12:04:55 [INFO] backend.api.door_controller: Door auto-lock thread started
2026-03-23 12:04:55 [INFO] backend.main: ✓ Door auto-lock thread started
2026-03-23 12:04:55 [INFO] backend.main: ============================================================
2026-03-23 12:04:55 [INFO] backend.main:   LabSecure AI v2 — Ready
2026-03-23 12:04:55 [INFO] backend.main: ============================================================
2026-03-23 12:04:56 [INFO] backend.main: ============================================================
2026-03-23 12:04:56 [INFO] backend.main:   LabSecure AI v2 — Starting Up
2026-03-23 12:04:56 [INFO] backend.main: ============================================================
2026-03-23 12:04:57 [INFO] backend.main: ✓ Firebase initialized
2026-03-23 12:04:57 [INFO] backend.db.repositories: Event batch writer started
2026-03-23 12:04:57 [INFO] backend.main: ✓ Event batch writer started
2026-03-23 12:04:57 [INFO] backend.main: ✓ Access Controller initialized
2026-03-23 12:04:57 [INFO] backend.main: ✓ Anomaly Detector initialized
2026-03-23 12:04:57 [INFO] backend.services.camera_monitor: Camera health monitor started
2026-03-23 12:04:57 [INFO] backend.main: ✓ Camera Monitor started
2026-03-23 12:04:57 [WARNING] backend.main: Skipping 128-dim descriptor for user 'OpG6Qn3Dk7M9qvNeAyDg' ('jeanlois de la cruz') — re-enroll to fix recognition.
2026-03-23 12:04:57 [WARNING] backend.main: Skipping 128-dim descriptor for user 'PesBMMw2DJt5LA5bgGNc' ('Janna Luz') — re-enroll to fix recognition.
2026-03-23 12:04:57 [WARNING] backend.main: Skipping 128-dim descriptor for user 'l1pItVCAa93It5F4AgHy' ('Pofesor David') — re-enroll to fix recognition.
2026-03-23 12:04:57 [WARNING] backend.main: 3 descriptor(s) skipped (wrong dimension). Re-enroll those users via the app to restore recognition.
2026-03-23 12:04:57 [INFO] backend.main: ✓ Loaded 2 face descriptor(s) from Firestore
2026-03-23 12:04:57 [INFO] backend.vision.pipeline: Starting Vision Pipeline (decoupled mode)...
2026-03-23 12:04:59 [INFO] backend.vision.face_engine: FaceEngine initialized: model=buffalo_sc, det_size=(320, 320), providers=['CPUExecutionProvider']
2026-03-23 12:04:59 [INFO] backend.vision.camera: [cam_axis_01] Camera stream started: Axis P1447-LE
2026-03-23 12:04:59 [INFO] backend.vision.pipeline: [cam_axis_01] Display thread started (25 FPS)
2026-03-23 12:04:59 [INFO] backend.vision.pipeline: [cam_axis_01] Detection thread started
2026-03-23 12:04:59 [INFO] backend.vision.camera: [cam_webcam] Camera stream started: Laptop Webcam
2026-03-23 12:04:59 [INFO] backend.vision.pipeline: [cam_webcam] Display thread started (25 FPS)
2026-03-23 12:04:59 [INFO] backend.vision.pipeline: [cam_webcam] Detection thread started
2026-03-23 12:04:59 [INFO] backend.vision.pipeline: Vision Pipeline started with 2 cameras
2026-03-23 12:04:59 [INFO] backend.main: ✓ Vision Pipeline started
2026-03-23 12:04:59 [INFO] backend.api.door_controller: Door auto-lock thread started
2026-03-23 12:04:59 [INFO] backend.main: ✓ Door auto-lock thread started
2026-03-23 12:04:59 [INFO] backend.main: ============================================================
2026-03-23 12:04:59 [INFO] backend.main:   LabSecure AI v2 — Ready
2026-03-23 12:04:59 [INFO] backend.main: ============================================================
2026-03-23 12:05:00 [INFO] backend.vision.camera: [cam_webcam] Connected to 0
2026-03-23 12:05:20 [INFO] backend.main: Shutting down LabSecure AI v2...
2026-03-23 12:05:20 [INFO] backend.vision.pipeline: [cam_axis_01] Display thread stopped
2026-03-23 12:05:20 [INFO] backend.vision.pipeline: [cam_webcam] Display thread stopped
2026-03-23 12:05:20 [INFO] backend.vision.pipeline: [cam_axis_01] Detection thread stopped
2026-03-23 12:05:20 [INFO] backend.vision.pipeline: [cam_webcam] Detection thread stopped
2026-03-23 12:05:25 [INFO] backend.vision.camera: [cam_axis_01] Camera stream stopped: Axis P1447-LE
2026-03-23 12:05:25 [INFO] backend.vision.camera: [cam_webcam] Camera stream stopped: Laptop Webcam
2026-03-23 12:05:25 [INFO] backend.vision.pipeline: Vision Pipeline stopped
2026-03-23 12:05:29 [WARNING] backend.vision.camera: [cam_axis_01] Failed to open rtsp://root:admin12345$_@192.168.0.90:554/axis-media/media.amp
2026-03-23 12:05:29 [INFO] backend.vision.camera: [cam_axis_01] Retrying in 2.0s...
2026-03-23 12:05:31 [INFO] backend.services.camera_monitor: Camera health monitor stopped
2026-03-23 12:05:32 [INFO] backend.main: ✓ Event batch writer stopped
2026-03-23 12:05:32 [INFO] backend.main: Shutdown complete.
2026-03-23 12:05:33 [INFO] backend.main: ============================================================
2026-03-23 12:05:33 [INFO] backend.main:   LabSecure AI v2 — Starting Up
2026-03-23 12:05:33 [INFO] backend.main: ============================================================
2026-03-23 12:05:34 [INFO] backend.main: ✓ Firebase initialized
2026-03-23 12:05:34 [INFO] backend.db.repositories: Event batch writer started
2026-03-23 12:05:34 [INFO] backend.main: ✓ Event batch writer started
2026-03-23 12:05:34 [INFO] backend.main: ✓ Access Controller initialized
2026-03-23 12:05:34 [INFO] backend.main: ✓ Anomaly Detector initialized
2026-03-23 12:05:34 [INFO] backend.services.camera_monitor: Camera health monitor started
2026-03-23 12:05:34 [INFO] backend.main: ✓ Camera Monitor started
2026-03-23 12:05:34 [WARNING] backend.main: Skipping 128-dim descriptor for user 'OpG6Qn3Dk7M9qvNeAyDg' ('jeanlois de la cruz') — re-enroll to fix recognition.
2026-03-23 12:05:34 [WARNING] backend.main: Skipping 128-dim descriptor for user 'PesBMMw2DJt5LA5bgGNc' ('Janna Luz') — re-enroll to fix recognition.
2026-03-23 12:05:34 [WARNING] backend.main: Skipping 128-dim descriptor for user 'l1pItVCAa93It5F4AgHy' ('Pofesor David') — re-enroll to fix recognition.
2026-03-23 12:05:34 [WARNING] backend.main: 3 descriptor(s) skipped (wrong dimension). Re-enroll those users via the app to restore recognition.
2026-03-23 12:05:34 [INFO] backend.main: ✓ Loaded 2 face descriptor(s) from Firestore
2026-03-23 12:05:34 [INFO] backend.vision.pipeline: Starting Vision Pipeline (decoupled mode)...
2026-03-23 12:05:36 [INFO] backend.vision.face_engine: FaceEngine initialized: model=buffalo_sc, det_size=(320, 320), providers=['CPUExecutionProvider']
2026-03-23 12:05:36 [INFO] backend.vision.camera: [cam_axis_01] Camera stream started: Axis P1447-LE
2026-03-23 12:05:36 [INFO] backend.vision.pipeline: [cam_axis_01] Display thread started (25 FPS)
2026-03-23 12:05:36 [INFO] backend.vision.pipeline: [cam_axis_01] Detection thread started
2026-03-23 12:05:36 [INFO] backend.vision.camera: [cam_webcam] Camera stream started: Laptop Webcam
2026-03-23 12:05:36 [INFO] backend.vision.pipeline: [cam_webcam] Display thread started (25 FPS)
2026-03-23 12:05:36 [INFO] backend.vision.pipeline: [cam_webcam] Detection thread started
2026-03-23 12:05:36 [INFO] backend.vision.pipeline: Vision Pipeline started with 2 cameras
2026-03-23 12:05:36 [INFO] backend.main: ✓ Vision Pipeline started
2026-03-23 12:05:36 [INFO] backend.api.door_controller: Door auto-lock thread started
2026-03-23 12:05:36 [INFO] backend.main: ✓ Door auto-lock thread started
2026-03-23 12:05:36 [INFO] backend.main: ============================================================
2026-03-23 12:05:36 [INFO] backend.main:   LabSecure AI v2 — Ready
2026-03-23 12:05:36 [INFO] backend.main: ============================================================
2026-03-23 12:05:37 [INFO] backend.main: ============================================================
2026-03-23 12:05:37 [INFO] backend.main:   LabSecure AI v2 — Starting Up
2026-03-23 12:05:37 [INFO] backend.main: ============================================================
2026-03-23 12:05:38 [INFO] backend.main: ✓ Firebase initialized
2026-03-23 12:05:38 [INFO] backend.db.repositories: Event batch writer started
2026-03-23 12:05:38 [INFO] backend.main: ✓ Event batch writer started
2026-03-23 12:05:38 [INFO] backend.main: ✓ Access Controller initialized
2026-03-23 12:05:38 [INFO] backend.main: ✓ Anomaly Detector initialized
2026-03-23 12:05:38 [INFO] backend.services.camera_monitor: Camera health monitor started
2026-03-23 12:05:38 [INFO] backend.main: ✓ Camera Monitor started
2026-03-23 12:05:38 [WARNING] backend.main: Skipping 128-dim descriptor for user 'OpG6Qn3Dk7M9qvNeAyDg' ('jeanlois de la cruz') — re-enroll to fix recognition.
2026-03-23 12:05:38 [WARNING] backend.main: Skipping 128-dim descriptor for user 'PesBMMw2DJt5LA5bgGNc' ('Janna Luz') — re-enroll to fix recognition.
2026-03-23 12:05:38 [WARNING] backend.main: Skipping 128-dim descriptor for user 'l1pItVCAa93It5F4AgHy' ('Pofesor David') — re-enroll to fix recognition.
2026-03-23 12:05:38 [WARNING] backend.main: 3 descriptor(s) skipped (wrong dimension). Re-enroll those users via the app to restore recognition.
2026-03-23 12:05:38 [INFO] backend.main: ✓ Loaded 2 face descriptor(s) from Firestore
2026-03-23 12:05:38 [INFO] backend.vision.pipeline: Starting Vision Pipeline (decoupled mode)...
2026-03-23 12:05:40 [INFO] backend.vision.face_engine: FaceEngine initialized: model=buffalo_sc, det_size=(320, 320), providers=['CPUExecutionProvider']
2026-03-23 12:05:40 [INFO] backend.vision.camera: [cam_axis_01] Camera stream started: Axis P1447-LE
2026-03-23 12:05:40 [INFO] backend.vision.pipeline: [cam_axis_01] Display thread started (25 FPS)
2026-03-23 12:05:40 [INFO] backend.vision.pipeline: [cam_axis_01] Detection thread started
2026-03-23 12:05:40 [INFO] backend.vision.camera: [cam_webcam] Camera stream started: Laptop Webcam
2026-03-23 12:05:40 [INFO] backend.vision.pipeline: [cam_webcam] Display thread started (25 FPS)
2026-03-23 12:05:40 [INFO] backend.vision.pipeline: [cam_webcam] Detection thread started
2026-03-23 12:05:40 [INFO] backend.vision.pipeline: Vision Pipeline started with 2 cameras
2026-03-23 12:05:40 [INFO] backend.main: ✓ Vision Pipeline started
2026-03-23 12:05:40 [INFO] backend.api.door_controller: Door auto-lock thread started
2026-03-23 12:05:40 [INFO] backend.main: ✓ Door auto-lock thread started
2026-03-23 12:05:40 [INFO] backend.main: ============================================================
2026-03-23 12:05:40 [INFO] backend.main:   LabSecure AI v2 — Ready
2026-03-23 12:05:40 [INFO] backend.main: ============================================================
2026-03-23 12:05:42 [INFO] backend.main: ============================================================
2026-03-23 12:05:42 [INFO] backend.main:   LabSecure AI v2 — Starting Up
2026-03-23 12:05:42 [INFO] backend.main: ============================================================
2026-03-23 12:05:42 [INFO] backend.main: ✓ Firebase initialized
2026-03-23 12:05:42 [INFO] backend.db.repositories: Event batch writer started
2026-03-23 12:05:42 [INFO] backend.main: ✓ Event batch writer started
2026-03-23 12:05:42 [INFO] backend.main: ✓ Access Controller initialized
2026-03-23 12:05:42 [INFO] backend.main: ✓ Anomaly Detector initialized
2026-03-23 12:05:42 [INFO] backend.services.camera_monitor: Camera health monitor started
2026-03-23 12:05:42 [INFO] backend.main: ✓ Camera Monitor started
2026-03-23 12:05:42 [WARNING] backend.main: Skipping 128-dim descriptor for user 'OpG6Qn3Dk7M9qvNeAyDg' ('jeanlois de la cruz') — re-enroll to fix recognition.
2026-03-23 12:05:42 [WARNING] backend.main: Skipping 128-dim descriptor for user 'PesBMMw2DJt5LA5bgGNc' ('Janna Luz') — re-enroll to fix recognition.
2026-03-23 12:05:42 [WARNING] backend.main: Skipping 128-dim descriptor for user 'l1pItVCAa93It5F4AgHy' ('Pofesor David') — re-enroll to fix recognition.
2026-03-23 12:05:42 [WARNING] backend.main: 3 descriptor(s) skipped (wrong dimension). Re-enroll those users via the app to restore recognition.
2026-03-23 12:05:42 [INFO] backend.main: ✓ Loaded 2 face descriptor(s) from Firestore
2026-03-23 12:05:42 [INFO] backend.vision.pipeline: Starting Vision Pipeline (decoupled mode)...
2026-03-23 12:05:44 [INFO] backend.vision.face_engine: FaceEngine initialized: model=buffalo_sc, det_size=(320, 320), providers=['CPUExecutionProvider']
2026-03-23 12:05:44 [INFO] backend.vision.camera: [cam_axis_01] Camera stream started: Axis P1447-LE
2026-03-23 12:05:44 [INFO] backend.vision.pipeline: [cam_axis_01] Display thread started (25 FPS)
2026-03-23 12:05:44 [INFO] backend.vision.pipeline: [cam_axis_01] Detection thread started
2026-03-23 12:05:44 [INFO] backend.vision.camera: [cam_webcam] Camera stream started: Laptop Webcam
2026-03-23 12:05:44 [INFO] backend.vision.pipeline: [cam_webcam] Display thread started (25 FPS)
2026-03-23 12:05:44 [INFO] backend.vision.pipeline: [cam_webcam] Detection thread started
2026-03-23 12:05:44 [INFO] backend.vision.pipeline: Vision Pipeline started with 2 cameras
2026-03-23 12:05:44 [INFO] backend.main: ✓ Vision Pipeline started
2026-03-23 12:05:44 [INFO] backend.api.door_controller: Door auto-lock thread started
2026-03-23 12:05:44 [INFO] backend.main: ✓ Door auto-lock thread started
2026-03-23 12:05:44 [INFO] backend.main: ============================================================
2026-03-23 12:05:44 [INFO] backend.main:   LabSecure AI v2 — Ready
2026-03-23 12:05:44 [INFO] backend.main: ============================================================
2026-03-23 12:05:45 [INFO] backend.main: ============================================================
2026-03-23 12:05:45 [INFO] backend.main:   LabSecure AI v2 — Starting Up
2026-03-23 12:05:45 [INFO] backend.main: ============================================================
2026-03-23 12:05:46 [INFO] backend.main: ✓ Firebase initialized
2026-03-23 12:05:46 [INFO] backend.db.repositories: Event batch writer started
2026-03-23 12:05:46 [INFO] backend.main: ✓ Event batch writer started
2026-03-23 12:05:46 [INFO] backend.main: ✓ Access Controller initialized
2026-03-23 12:05:46 [INFO] backend.main: ✓ Anomaly Detector initialized
2026-03-23 12:05:46 [INFO] backend.services.camera_monitor: Camera health monitor started
2026-03-23 12:05:46 [INFO] backend.main: ✓ Camera Monitor started
2026-03-23 12:05:47 [WARNING] backend.main: Skipping 128-dim descriptor for user 'OpG6Qn3Dk7M9qvNeAyDg' ('jeanlois de la cruz') — re-enroll to fix recognition.
2026-03-23 12:05:47 [WARNING] backend.main: Skipping 128-dim descriptor for user 'PesBMMw2DJt5LA5bgGNc' ('Janna Luz') — re-enroll to fix recognition.
2026-03-23 12:05:47 [WARNING] backend.main: Skipping 128-dim descriptor for user 'l1pItVCAa93It5F4AgHy' ('Pofesor David') — re-enroll to fix recognition.
2026-03-23 12:05:47 [WARNING] backend.main: 3 descriptor(s) skipped (wrong dimension). Re-enroll those users via the app to restore recognition.
2026-03-23 12:05:47 [INFO] backend.main: ✓ Loaded 2 face descriptor(s) from Firestore
2026-03-23 12:05:47 [INFO] backend.vision.pipeline: Starting Vision Pipeline (decoupled mode)...
2026-03-23 12:05:48 [INFO] backend.vision.face_engine: FaceEngine initialized: model=buffalo_sc, det_size=(320, 320), providers=['CPUExecutionProvider']
2026-03-23 12:05:48 [INFO] backend.vision.camera: [cam_axis_01] Camera stream started: Axis P1447-LE
2026-03-23 12:05:48 [INFO] backend.vision.pipeline: [cam_axis_01] Display thread started (25 FPS)
2026-03-23 12:05:48 [INFO] backend.vision.pipeline: [cam_axis_01] Detection thread started
2026-03-23 12:05:48 [INFO] backend.vision.camera: [cam_webcam] Camera stream started: Laptop Webcam
2026-03-23 12:05:48 [INFO] backend.vision.pipeline: [cam_webcam] Display thread started (25 FPS)
2026-03-23 12:05:48 [INFO] backend.vision.pipeline: [cam_webcam] Detection thread started
2026-03-23 12:05:48 [INFO] backend.vision.pipeline: Vision Pipeline started with 2 cameras
2026-03-23 12:05:48 [INFO] backend.main: ✓ Vision Pipeline started
2026-03-23 12:05:48 [INFO] backend.api.door_controller: Door auto-lock thread started
2026-03-23 12:05:48 [INFO] backend.main: ✓ Door auto-lock thread started
2026-03-23 12:05:48 [INFO] backend.main: ============================================================
2026-03-23 12:05:48 [INFO] backend.main:   LabSecure AI v2 — Ready
2026-03-23 12:05:48 [INFO] backend.main: ============================================================
2026-03-23 12:05:50 [INFO] backend.vision.camera: [cam_webcam] Connected to 0
2026-03-23 12:06:18 [WARNING] backend.vision.camera: [cam_axis_01] Failed to open rtsp://root:admin12345$_@192.168.0.90:554/axis-media/media.amp
2026-03-23 12:06:18 [INFO] backend.vision.camera: [cam_axis_01] Retrying in 2.0s...
2026-03-23 12:06:19 [INFO] backend.main: Shutting down LabSecure AI v2...
2026-03-23 12:06:19 [INFO] backend.vision.pipeline: [cam_webcam] Display thread stopped
2026-03-23 12:06:19 [INFO] backend.vision.pipeline: [cam_webcam] Detection thread stopped
2026-03-23 12:06:19 [INFO] backend.vision.pipeline: [cam_axis_01] Display thread stopped
2026-03-23 12:06:19 [INFO] backend.vision.pipeline: [cam_axis_01] Detection thread stopped
2026-03-23 12:06:20 [INFO] backend.vision.camera: [cam_axis_01] Camera stream stopped: Axis P1447-LE
2026-03-23 12:06:20 [INFO] backend.vision.camera: [cam_webcam] Camera stream stopped: Laptop Webcam
2026-03-23 12:06:20 [INFO] backend.vision.pipeline: Vision Pipeline stopped
2026-03-23 12:06:30 [INFO] backend.services.camera_monitor: Camera health monitor stopped
2026-03-23 12:06:31 [INFO] backend.main: ✓ Event batch writer stopped
2026-03-23 12:06:31 [INFO] backend.main: Shutdown complete.
2026-03-23 12:06:33 [INFO] backend.main: ============================================================
2026-03-23 12:06:33 [INFO] backend.main:   LabSecure AI v2 — Starting Up
2026-03-23 12:06:33 [INFO] backend.main: ============================================================
2026-03-23 12:06:33 [INFO] backend.main: ✓ Firebase initialized
2026-03-23 12:06:33 [INFO] backend.db.repositories: Event batch writer started
2026-03-23 12:06:33 [INFO] backend.main: ✓ Event batch writer started
2026-03-23 12:06:33 [INFO] backend.main: ✓ Access Controller initialized
2026-03-23 12:06:33 [INFO] backend.main: ✓ Anomaly Detector initialized
2026-03-23 12:06:33 [INFO] backend.services.camera_monitor: Camera health monitor started
2026-03-23 12:06:33 [INFO] backend.main: ✓ Camera Monitor started
2026-03-23 12:06:34 [WARNING] backend.main: Skipping 128-dim descriptor for user 'OpG6Qn3Dk7M9qvNeAyDg' ('jeanlois de la cruz') — re-enroll to fix recognition.
2026-03-23 12:06:34 [WARNING] backend.main: Skipping 128-dim descriptor for user 'PesBMMw2DJt5LA5bgGNc' ('Janna Luz') — re-enroll to fix recognition.
2026-03-23 12:06:34 [WARNING] backend.main: Skipping 128-dim descriptor for user 'l1pItVCAa93It5F4AgHy' ('Pofesor David') — re-enroll to fix recognition.
2026-03-23 12:06:34 [WARNING] backend.main: 3 descriptor(s) skipped (wrong dimension). Re-enroll those users via the app to restore recognition.
2026-03-23 12:06:34 [INFO] backend.main: ✓ Loaded 2 face descriptor(s) from Firestore
2026-03-23 12:06:34 [INFO] backend.vision.pipeline: Starting Vision Pipeline (decoupled mode)...
2026-03-23 12:06:35 [INFO] backend.vision.face_engine: FaceEngine initialized: model=buffalo_sc, det_size=(320, 320), providers=['CPUExecutionProvider']
2026-03-23 12:06:35 [INFO] backend.vision.camera: [cam_axis_01] Camera stream started: Axis P1447-LE
2026-03-23 12:06:35 [INFO] backend.vision.pipeline: [cam_axis_01] Display thread started (25 FPS)
2026-03-23 12:06:35 [INFO] backend.vision.pipeline: [cam_axis_01] Detection thread started
2026-03-23 12:06:35 [INFO] backend.vision.camera: [cam_webcam] Camera stream started: Laptop Webcam
2026-03-23 12:06:35 [INFO] backend.vision.pipeline: [cam_webcam] Display thread started (25 FPS)
2026-03-23 12:06:35 [INFO] backend.vision.pipeline: [cam_webcam] Detection thread started
2026-03-23 12:06:35 [INFO] backend.vision.pipeline: Vision Pipeline started with 2 cameras
2026-03-23 12:06:35 [INFO] backend.main: ✓ Vision Pipeline started
2026-03-23 12:06:35 [INFO] backend.api.door_controller: Door auto-lock thread started
2026-03-23 12:06:35 [INFO] backend.main: ✓ Door auto-lock thread started
2026-03-23 12:06:35 [INFO] backend.main: ============================================================
2026-03-23 12:06:35 [INFO] backend.main:   LabSecure AI v2 — Ready
2026-03-23 12:06:35 [INFO] backend.main: ============================================================
2026-03-23 12:06:37 [INFO] backend.main: ============================================================
2026-03-23 12:06:37 [INFO] backend.main:   LabSecure AI v2 — Starting Up
2026-03-23 12:06:37 [INFO] backend.main: ============================================================
2026-03-23 12:06:37 [INFO] backend.main: ✓ Firebase initialized
2026-03-23 12:06:37 [INFO] backend.db.repositories: Event batch writer started
2026-03-23 12:06:37 [INFO] backend.main: ✓ Event batch writer started
2026-03-23 12:06:37 [INFO] backend.main: ✓ Access Controller initialized
2026-03-23 12:06:37 [INFO] backend.main: ✓ Anomaly Detector initialized
2026-03-23 12:06:37 [INFO] backend.services.camera_monitor: Camera health monitor started
2026-03-23 12:06:37 [INFO] backend.main: ✓ Camera Monitor started
2026-03-23 12:06:38 [WARNING] backend.main: Skipping 128-dim descriptor for user 'OpG6Qn3Dk7M9qvNeAyDg' ('jeanlois de la cruz') — re-enroll to fix recognition.
2026-03-23 12:06:38 [WARNING] backend.main: Skipping 128-dim descriptor for user 'PesBMMw2DJt5LA5bgGNc' ('Janna Luz') — re-enroll to fix recognition.
2026-03-23 12:06:38 [WARNING] backend.main: Skipping 128-dim descriptor for user 'l1pItVCAa93It5F4AgHy' ('Pofesor David') — re-enroll to fix recognition.
2026-03-23 12:06:38 [WARNING] backend.main: 3 descriptor(s) skipped (wrong dimension). Re-enroll those users via the app to restore recognition.
2026-03-23 12:06:38 [INFO] backend.main: ✓ Loaded 2 face descriptor(s) from Firestore
2026-03-23 12:06:38 [INFO] backend.vision.pipeline: Starting Vision Pipeline (decoupled mode)...
2026-03-23 12:06:39 [INFO] backend.vision.face_engine: FaceEngine initialized: model=buffalo_sc, det_size=(320, 320), providers=['CPUExecutionProvider']
2026-03-23 12:06:39 [INFO] backend.vision.camera: [cam_axis_01] Camera stream started: Axis P1447-LE
2026-03-23 12:06:39 [INFO] backend.vision.pipeline: [cam_axis_01] Display thread started (25 FPS)
2026-03-23 12:06:39 [INFO] backend.vision.pipeline: [cam_axis_01] Detection thread started
2026-03-23 12:06:39 [INFO] backend.vision.camera: [cam_webcam] Camera stream started: Laptop Webcam
2026-03-23 12:06:39 [INFO] backend.vision.pipeline: [cam_webcam] Display thread started (25 FPS)
2026-03-23 12:06:39 [INFO] backend.vision.pipeline: [cam_webcam] Detection thread started
2026-03-23 12:06:39 [INFO] backend.vision.pipeline: Vision Pipeline started with 2 cameras
2026-03-23 12:06:39 [INFO] backend.main: ✓ Vision Pipeline started
2026-03-23 12:06:39 [INFO] backend.api.door_controller: Door auto-lock thread started
2026-03-23 12:06:39 [INFO] backend.main: ✓ Door auto-lock thread started
2026-03-23 12:06:39 [INFO] backend.main: ============================================================
2026-03-23 12:06:39 [INFO] backend.main:   LabSecure AI v2 — Ready
2026-03-23 12:06:39 [INFO] backend.main: ============================================================
2026-03-23 12:06:41 [INFO] backend.vision.camera: [cam_webcam] Connected to 0
2026-03-23 12:07:09 [WARNING] backend.vision.camera: [cam_axis_01] Failed to open rtsp://root:admin12345$_@192.168.0.90:554/axis-media/media.amp
2026-03-23 12:07:09 [INFO] backend.vision.camera: [cam_axis_01] Retrying in 2.0s...
2026-03-23 12:07:20 [INFO] backend.main: Shutting down LabSecure AI v2...
2026-03-23 12:07:20 [INFO] backend.vision.pipeline: [cam_webcam] Display thread stopped
2026-03-23 12:07:20 [INFO] backend.vision.pipeline: [cam_webcam] Detection thread stopped
2026-03-23 12:07:20 [INFO] backend.vision.pipeline: [cam_axis_01] Display thread stopped
2026-03-23 12:07:20 [INFO] backend.vision.pipeline: [cam_axis_01] Detection thread stopped
2026-03-23 12:07:25 [INFO] backend.vision.camera: [cam_axis_01] Camera stream stopped: Axis P1447-LE
2026-03-23 12:07:25 [INFO] backend.vision.camera: [cam_webcam] Camera stream stopped: Laptop Webcam
2026-03-23 12:07:25 [INFO] backend.vision.pipeline: Vision Pipeline stopped
2026-03-23 12:07:29 [INFO] backend.main: ============================================================
2026-03-23 12:07:29 [INFO] backend.main:   LabSecure AI v2 — Starting Up
2026-03-23 12:07:29 [INFO] backend.main: ============================================================
2026-03-23 12:07:29 [INFO] backend.main: ✓ Firebase initialized
2026-03-23 12:07:29 [INFO] backend.db.repositories: Event batch writer started
2026-03-23 12:07:29 [INFO] backend.main: ✓ Event batch writer started
2026-03-23 12:07:29 [INFO] backend.main: ✓ Access Controller initialized
2026-03-23 12:07:29 [INFO] backend.main: ✓ Anomaly Detector initialized
2026-03-23 12:07:29 [INFO] backend.services.camera_monitor: Camera health monitor started
2026-03-23 12:07:29 [INFO] backend.main: ✓ Camera Monitor started
2026-03-23 12:07:30 [WARNING] backend.main: Skipping 128-dim descriptor for user 'OpG6Qn3Dk7M9qvNeAyDg' ('jeanlois de la cruz') — re-enroll to fix recognition.
2026-03-23 12:07:30 [WARNING] backend.main: Skipping 128-dim descriptor for user 'PesBMMw2DJt5LA5bgGNc' ('Janna Luz') — re-enroll to fix recognition.
2026-03-23 12:07:30 [WARNING] backend.main: Skipping 128-dim descriptor for user 'l1pItVCAa93It5F4AgHy' ('Pofesor David') — re-enroll to fix recognition.
2026-03-23 12:07:30 [WARNING] backend.main: 3 descriptor(s) skipped (wrong dimension). Re-enroll those users via the app to restore recognition.
2026-03-23 12:07:30 [INFO] backend.main: ✓ Loaded 2 face descriptor(s) from Firestore
2026-03-23 12:07:30 [INFO] backend.vision.pipeline: Starting Vision Pipeline (decoupled mode)...
2026-03-23 12:07:31 [INFO] backend.vision.face_engine: FaceEngine initialized: model=buffalo_sc, det_size=(320, 320), providers=['CPUExecutionProvider']
2026-03-23 12:07:31 [INFO] backend.vision.camera: [cam_axis_01] Camera stream started: Axis P1447-LE
2026-03-23 12:07:31 [INFO] backend.vision.pipeline: [cam_axis_01] Display thread started (25 FPS)
2026-03-23 12:07:31 [INFO] backend.vision.pipeline: [cam_axis_01] Detection thread started
2026-03-23 12:07:31 [INFO] backend.vision.camera: [cam_webcam] Camera stream started: Laptop Webcam
2026-03-23 12:07:31 [INFO] backend.vision.pipeline: [cam_webcam] Display thread started (25 FPS)
2026-03-23 12:07:31 [INFO] backend.vision.pipeline: [cam_webcam] Detection thread started
2026-03-23 12:07:31 [INFO] backend.vision.pipeline: Vision Pipeline started with 2 cameras
2026-03-23 12:07:31 [INFO] backend.main: ✓ Vision Pipeline started
2026-03-23 12:07:31 [INFO] backend.api.door_controller: Door auto-lock thread started
2026-03-23 12:07:31 [INFO] backend.main: ✓ Door auto-lock thread started
2026-03-23 12:07:31 [INFO] backend.main: ============================================================
2026-03-23 12:07:31 [INFO] backend.main:   LabSecure AI v2 — Ready
2026-03-23 12:07:31 [INFO] backend.main: ============================================================
2026-03-23 12:07:33 [INFO] backend.vision.camera: [cam_webcam] Connected to 0
2026-03-23 12:08:01 [WARNING] backend.vision.camera: [cam_axis_01] Failed to open rtsp://root:admin12345$_@192.168.0.90:554/axis-media/media.amp
2026-03-23 12:08:01 [INFO] backend.vision.camera: [cam_axis_01] Retrying in 2.0s...
2026-03-23 12:08:33 [WARNING] backend.vision.camera: [cam_axis_01] Failed to open rtsp://root:admin12345$_@192.168.0.90:554/axis-media/media.amp
2026-03-23 12:08:33 [INFO] backend.vision.camera: [cam_axis_01] Retrying in 3.0s...
2026-03-23 12:09:06 [WARNING] backend.vision.camera: [cam_axis_01] Failed to open rtsp://root:admin12345$_@192.168.0.90:554/axis-media/media.amp
2026-03-23 12:09:06 [INFO] backend.vision.camera: [cam_axis_01] Retrying in 4.5s...
2026-03-23 12:09:41 [WARNING] backend.vision.camera: [cam_axis_01] Failed to open rtsp://root:admin12345$_@192.168.0.90:554/axis-media/media.amp
2026-03-23 12:09:41 [INFO] backend.vision.camera: [cam_axis_01] Retrying in 6.8s...
2026-03-23 12:09:52 [INFO] backend.main: Shutting down LabSecure AI v2...
2026-03-23 12:09:52 [INFO] backend.vision.pipeline: [cam_axis_01] Detection thread stopped
2026-03-23 12:09:52 [INFO] backend.vision.pipeline: [cam_axis_01] Display thread stopped
2026-03-23 12:09:52 [INFO] backend.vision.pipeline: [cam_webcam] Display thread stopped
2026-03-23 12:09:53 [INFO] backend.vision.pipeline: [cam_webcam] Detection thread stopped
2026-03-23 12:09:57 [INFO] backend.vision.camera: [cam_axis_01] Camera stream stopped: Axis P1447-LE
2026-03-23 12:09:58 [INFO] backend.vision.camera: [cam_webcam] Camera stream stopped: Laptop Webcam
2026-03-23 12:09:58 [INFO] backend.vision.pipeline: Vision Pipeline stopped
2026-03-23 12:10:08 [INFO] backend.services.camera_monitor: Camera health monitor stopped
2026-03-23 12:10:10 [INFO] backend.main: ✓ Event batch writer stopped
2026-03-23 12:10:10 [INFO] backend.main: Shutdown complete.
2026-03-23 12:10:11 [INFO] backend.main: ============================================================
2026-03-23 12:10:11 [INFO] backend.main:   LabSecure AI v2 — Starting Up
2026-03-23 12:10:11 [INFO] backend.main: ============================================================
2026-03-23 12:10:12 [INFO] backend.main: ✓ Firebase initialized
2026-03-23 12:10:12 [INFO] backend.db.repositories: Event batch writer started
2026-03-23 12:10:12 [INFO] backend.main: ✓ Event batch writer started
2026-03-23 12:10:12 [INFO] backend.main: ✓ Access Controller initialized
2026-03-23 12:10:12 [INFO] backend.main: ✓ Anomaly Detector initialized
2026-03-23 12:10:12 [INFO] backend.services.camera_monitor: Camera health monitor started
2026-03-23 12:10:12 [INFO] backend.main: ✓ Camera Monitor started
2026-03-23 12:10:13 [WARNING] backend.main: Skipping 128-dim descriptor for user 'OpG6Qn3Dk7M9qvNeAyDg' ('jeanlois de la cruz') — re-enroll to fix recognition.
2026-03-23 12:10:13 [WARNING] backend.main: Skipping 128-dim descriptor for user 'PesBMMw2DJt5LA5bgGNc' ('Janna Luz') — re-enroll to fix recognition.
2026-03-23 12:10:13 [WARNING] backend.main: Skipping 128-dim descriptor for user 'l1pItVCAa93It5F4AgHy' ('Pofesor David') — re-enroll to fix recognition.
2026-03-23 12:10:13 [WARNING] backend.main: 3 descriptor(s) skipped (wrong dimension). Re-enroll those users via the app to restore recognition.
2026-03-23 12:10:13 [INFO] backend.main: ✓ Loaded 2 face descriptor(s) from Firestore
2026-03-23 12:10:13 [INFO] backend.vision.pipeline: Starting Vision Pipeline (decoupled mode)...
2026-03-23 12:10:14 [INFO] backend.vision.face_engine: FaceEngine initialized: model=buffalo_sc, det_size=(320, 320), providers=['CPUExecutionProvider']
2026-03-23 12:10:14 [INFO] backend.vision.camera: [cam_axis_01] Camera stream started: Axis P1447-LE
2026-03-23 12:10:14 [INFO] backend.vision.pipeline: [cam_axis_01] Display thread started (25 FPS)
2026-03-23 12:10:14 [INFO] backend.vision.pipeline: [cam_axis_01] Detection thread started
2026-03-23 12:10:14 [INFO] backend.vision.camera: [cam_webcam] Camera stream started: Laptop Webcam
2026-03-23 12:10:14 [INFO] backend.vision.pipeline: [cam_webcam] Display thread started (25 FPS)
2026-03-23 12:10:14 [INFO] backend.vision.pipeline: [cam_webcam] Detection thread started
2026-03-23 12:10:14 [INFO] backend.vision.pipeline: Vision Pipeline started with 2 cameras
2026-03-23 12:10:15 [INFO] backend.main: ✓ Vision Pipeline started
2026-03-23 12:10:15 [INFO] backend.api.door_controller: Door auto-lock thread started
2026-03-23 12:10:15 [INFO] backend.main: ✓ Door auto-lock thread started
2026-03-23 12:10:15 [INFO] backend.main: ============================================================
2026-03-23 12:10:15 [INFO] backend.main:   LabSecure AI v2 — Ready
2026-03-23 12:10:15 [INFO] backend.main: ============================================================
2026-03-23 12:10:16 [INFO] backend.main: ============================================================
2026-03-23 12:10:16 [INFO] backend.main:   LabSecure AI v2 — Starting Up
2026-03-23 12:10:16 [INFO] backend.main: ============================================================
2026-03-23 12:10:17 [INFO] backend.main: ✓ Firebase initialized
2026-03-23 12:10:17 [INFO] backend.db.repositories: Event batch writer started
2026-03-23 12:10:17 [INFO] backend.main: ✓ Event batch writer started
2026-03-23 12:10:17 [INFO] backend.main: ✓ Access Controller initialized
2026-03-23 12:10:17 [INFO] backend.main: ✓ Anomaly Detector initialized
2026-03-23 12:10:17 [INFO] backend.services.camera_monitor: Camera health monitor started
2026-03-23 12:10:17 [INFO] backend.main: ✓ Camera Monitor started
2026-03-23 12:10:18 [WARNING] backend.main: Skipping 128-dim descriptor for user 'OpG6Qn3Dk7M9qvNeAyDg' ('jeanlois de la cruz') — re-enroll to fix recognition.
2026-03-23 12:10:18 [WARNING] backend.main: Skipping 128-dim descriptor for user 'PesBMMw2DJt5LA5bgGNc' ('Janna Luz') — re-enroll to fix recognition.
2026-03-23 12:10:18 [WARNING] backend.main: Skipping 128-dim descriptor for user 'l1pItVCAa93It5F4AgHy' ('Pofesor David') — re-enroll to fix recognition.
2026-03-23 12:10:18 [WARNING] backend.main: 3 descriptor(s) skipped (wrong dimension). Re-enroll those users via the app to restore recognition.
2026-03-23 12:10:18 [INFO] backend.main: ✓ Loaded 2 face descriptor(s) from Firestore
2026-03-23 12:10:18 [INFO] backend.vision.pipeline: Starting Vision Pipeline (decoupled mode)...
2026-03-23 12:10:19 [INFO] backend.vision.face_engine: FaceEngine initialized: model=buffalo_sc, det_size=(320, 320), providers=['CPUExecutionProvider']
2026-03-23 12:10:19 [INFO] backend.vision.camera: [cam_axis_01] Camera stream started: Axis P1447-LE
2026-03-23 12:10:19 [INFO] backend.vision.pipeline: [cam_axis_01] Display thread started (25 FPS)
2026-03-23 12:10:19 [INFO] backend.vision.pipeline: [cam_axis_01] Detection thread started
2026-03-23 12:10:19 [INFO] backend.vision.camera: [cam_webcam] Camera stream started: Laptop Webcam
2026-03-23 12:10:19 [INFO] backend.vision.pipeline: [cam_webcam] Display thread started (25 FPS)
2026-03-23 12:10:19 [INFO] backend.vision.pipeline: [cam_webcam] Detection thread started
2026-03-23 12:10:19 [INFO] backend.vision.pipeline: Vision Pipeline started with 2 cameras
2026-03-23 12:10:19 [INFO] backend.main: ✓ Vision Pipeline started
2026-03-23 12:10:19 [INFO] backend.api.door_controller: Door auto-lock thread started
2026-03-23 12:10:19 [INFO] backend.main: ✓ Door auto-lock thread started
2026-03-23 12:10:19 [INFO] backend.main: ============================================================
2026-03-23 12:10:19 [INFO] backend.main:   LabSecure AI v2 — Ready
2026-03-23 12:10:19 [INFO] backend.main: ============================================================
2026-03-23 12:10:21 [INFO] backend.vision.camera: [cam_webcam] Connected to 0
2026-03-23 12:10:31 [INFO] backend.main: Shutting down LabSecure AI v2...
2026-03-23 12:10:31 [INFO] backend.vision.pipeline: [cam_axis_01] Detection thread stopped
2026-03-23 12:10:31 [INFO] backend.vision.pipeline: [cam_axis_01] Display thread stopped
2026-03-23 12:10:31 [INFO] backend.vision.pipeline: [cam_webcam] Display thread stopped
2026-03-23 12:10:31 [INFO] backend.vision.pipeline: [cam_webcam] Detection thread stopped
2026-03-23 12:10:36 [INFO] backend.vision.camera: [cam_axis_01] Camera stream stopped: Axis P1447-LE
2026-03-23 12:10:36 [INFO] backend.vision.camera: [cam_webcam] Camera stream stopped: Laptop Webcam
2026-03-23 12:10:36 [INFO] backend.vision.pipeline: Vision Pipeline stopped
2026-03-23 12:10:46 [INFO] backend.services.camera_monitor: Camera health monitor stopped
2026-03-23 12:10:47 [INFO] backend.main: ✓ Event batch writer stopped
2026-03-23 12:10:47 [INFO] backend.main: Shutdown complete.
2026-03-23 12:10:49 [INFO] backend.main: ============================================================
2026-03-23 12:10:49 [INFO] backend.main:   LabSecure AI v2 — Starting Up
2026-03-23 12:10:49 [INFO] backend.main: ============================================================
2026-03-23 12:10:49 [INFO] backend.main: ✓ Firebase initialized
2026-03-23 12:10:49 [INFO] backend.db.repositories: Event batch writer started
2026-03-23 12:10:49 [INFO] backend.main: ✓ Event batch writer started
2026-03-23 12:10:49 [INFO] backend.main: ✓ Access Controller initialized
2026-03-23 12:10:49 [INFO] backend.main: ✓ Anomaly Detector initialized
2026-03-23 12:10:49 [INFO] backend.services.camera_monitor: Camera health monitor started
2026-03-23 12:10:49 [INFO] backend.main: ✓ Camera Monitor started
2026-03-23 12:10:50 [WARNING] backend.main: Skipping 128-dim descriptor for user 'OpG6Qn3Dk7M9qvNeAyDg' ('jeanlois de la cruz') — re-enroll to fix recognition.
2026-03-23 12:10:50 [WARNING] backend.main: Skipping 128-dim descriptor for user 'PesBMMw2DJt5LA5bgGNc' ('Janna Luz') — re-enroll to fix recognition.
2026-03-23 12:10:50 [WARNING] backend.main: Skipping 128-dim descriptor for user 'l1pItVCAa93It5F4AgHy' ('Pofesor David') — re-enroll to fix recognition.
2026-03-23 12:10:50 [WARNING] backend.main: 3 descriptor(s) skipped (wrong dimension). Re-enroll those users via the app to restore recognition.
2026-03-23 12:10:50 [INFO] backend.main: ✓ Loaded 2 face descriptor(s) from Firestore
2026-03-23 12:10:50 [INFO] backend.vision.pipeline: Starting Vision Pipeline (decoupled mode)...
2026-03-23 12:10:51 [INFO] backend.vision.face_engine: FaceEngine initialized: model=buffalo_sc, det_size=(320, 320), providers=['CPUExecutionProvider']
2026-03-23 12:10:51 [INFO] backend.vision.camera: [cam_axis_01] Camera stream started: Axis P1447-LE
2026-03-23 12:10:51 [INFO] backend.vision.pipeline: [cam_axis_01] Display thread started (25 FPS)
2026-03-23 12:10:51 [INFO] backend.vision.pipeline: [cam_axis_01] Detection thread started
2026-03-23 12:10:51 [INFO] backend.vision.camera: [cam_webcam] Camera stream started: Laptop Webcam
2026-03-23 12:10:51 [INFO] backend.vision.pipeline: [cam_webcam] Display thread started (25 FPS)
2026-03-23 12:10:51 [INFO] backend.vision.pipeline: [cam_webcam] Detection thread started
2026-03-23 12:10:51 [INFO] backend.vision.pipeline: Vision Pipeline started with 2 cameras
2026-03-23 12:10:52 [INFO] backend.main: ✓ Vision Pipeline started
2026-03-23 12:10:52 [INFO] backend.api.door_controller: Door auto-lock thread started
2026-03-23 12:10:52 [INFO] backend.main: ✓ Door auto-lock thread started
2026-03-23 12:10:52 [INFO] backend.main: ============================================================
2026-03-23 12:10:52 [INFO] backend.main:   LabSecure AI v2 — Ready
2026-03-23 12:10:52 [INFO] backend.main: ============================================================
2026-03-23 12:10:53 [INFO] backend.main: ============================================================
2026-03-23 12:10:53 [INFO] backend.main:   LabSecure AI v2 — Starting Up
2026-03-23 12:10:53 [INFO] backend.main: ============================================================
2026-03-23 12:10:53 [INFO] backend.main: ✓ Firebase initialized
2026-03-23 12:10:53 [INFO] backend.db.repositories: Event batch writer started
2026-03-23 12:10:53 [INFO] backend.main: ✓ Event batch writer started
2026-03-23 12:10:53 [INFO] backend.main: ✓ Access Controller initialized
2026-03-23 12:10:53 [INFO] backend.main: ✓ Anomaly Detector initialized
2026-03-23 12:10:53 [INFO] backend.services.camera_monitor: Camera health monitor started
2026-03-23 12:10:54 [INFO] backend.main: ✓ Camera Monitor started
2026-03-23 12:10:54 [WARNING] backend.main: Skipping 128-dim descriptor for user 'OpG6Qn3Dk7M9qvNeAyDg' ('jeanlois de la cruz') — re-enroll to fix recognition.
2026-03-23 12:10:54 [WARNING] backend.main: Skipping 128-dim descriptor for user 'PesBMMw2DJt5LA5bgGNc' ('Janna Luz') — re-enroll to fix recognition.
2026-03-23 12:10:54 [WARNING] backend.main: Skipping 128-dim descriptor for user 'l1pItVCAa93It5F4AgHy' ('Pofesor David') — re-enroll to fix recognition.
2026-03-23 12:10:54 [WARNING] backend.main: 3 descriptor(s) skipped (wrong dimension). Re-enroll those users via the app to restore recognition.
2026-03-23 12:10:54 [INFO] backend.main: ✓ Loaded 2 face descriptor(s) from Firestore
2026-03-23 12:10:54 [INFO] backend.vision.pipeline: Starting Vision Pipeline (decoupled mode)...
2026-03-23 12:10:56 [INFO] backend.vision.face_engine: FaceEngine initialized: model=buffalo_sc, det_size=(320, 320), providers=['CPUExecutionProvider']
2026-03-23 12:10:56 [INFO] backend.vision.camera: [cam_axis_01] Camera stream started: Axis P1447-LE
2026-03-23 12:10:56 [INFO] backend.vision.pipeline: [cam_axis_01] Display thread started (25 FPS)
2026-03-23 12:10:56 [INFO] backend.vision.pipeline: [cam_axis_01] Detection thread started
2026-03-23 12:10:56 [INFO] backend.vision.camera: [cam_webcam] Camera stream started: Laptop Webcam
2026-03-23 12:10:56 [INFO] backend.vision.pipeline: [cam_webcam] Display thread started (25 FPS)
2026-03-23 12:10:56 [INFO] backend.vision.pipeline: [cam_webcam] Detection thread started
2026-03-23 12:10:56 [INFO] backend.vision.pipeline: Vision Pipeline started with 2 cameras
2026-03-23 12:10:56 [INFO] backend.main: ✓ Vision Pipeline started
2026-03-23 12:10:56 [INFO] backend.api.door_controller: Door auto-lock thread started
2026-03-23 12:10:56 [INFO] backend.main: ✓ Door auto-lock thread started
2026-03-23 12:10:56 [INFO] backend.main: ============================================================
2026-03-23 12:10:56 [INFO] backend.main:   LabSecure AI v2 — Ready
2026-03-23 12:10:56 [INFO] backend.main: ============================================================
2026-03-23 12:10:57 [INFO] backend.vision.camera: [cam_webcam] Connected to 0
2026-03-23 12:11:02 [INFO] backend.main: Shutting down LabSecure AI v2...
2026-03-23 12:11:02 [INFO] backend.vision.pipeline: [cam_axis_01] Display thread stopped
2026-03-23 12:11:02 [INFO] backend.vision.pipeline: [cam_axis_01] Detection thread stopped
2026-03-23 12:11:02 [INFO] backend.vision.pipeline: [cam_webcam] Display thread stopped
2026-03-23 12:11:02 [INFO] backend.vision.pipeline: [cam_webcam] Detection thread stopped
2026-03-23 12:11:07 [INFO] backend.vision.camera: [cam_axis_01] Camera stream stopped: Axis P1447-LE
2026-03-23 12:11:07 [INFO] backend.vision.camera: [cam_webcam] Camera stream stopped: Laptop Webcam
2026-03-23 12:11:07 [INFO] backend.vision.pipeline: Vision Pipeline stopped
2026-03-23 12:11:17 [INFO] backend.services.camera_monitor: Camera health monitor stopped
2026-03-23 12:11:18 [INFO] backend.main: ✓ Event batch writer stopped
2026-03-23 12:11:18 [INFO] backend.main: Shutdown complete.
2026-03-23 12:11:20 [INFO] backend.main: ============================================================
2026-03-23 12:11:20 [INFO] backend.main:   LabSecure AI v2 — Starting Up
2026-03-23 12:11:20 [INFO] backend.main: ============================================================
2026-03-23 12:11:21 [INFO] backend.main: ✓ Firebase initialized
2026-03-23 12:11:21 [INFO] backend.db.repositories: Event batch writer started
2026-03-23 12:11:21 [INFO] backend.main: ✓ Event batch writer started
2026-03-23 12:11:21 [INFO] backend.main: ✓ Access Controller initialized
2026-03-23 12:11:21 [INFO] backend.main: ✓ Anomaly Detector initialized
2026-03-23 12:11:21 [INFO] backend.services.camera_monitor: Camera health monitor started
2026-03-23 12:11:21 [INFO] backend.main: ✓ Camera Monitor started
2026-03-23 12:11:21 [WARNING] backend.main: Skipping 128-dim descriptor for user 'OpG6Qn3Dk7M9qvNeAyDg' ('jeanlois de la cruz') — re-enroll to fix recognition.
2026-03-23 12:11:21 [WARNING] backend.main: Skipping 128-dim descriptor for user 'PesBMMw2DJt5LA5bgGNc' ('Janna Luz') — re-enroll to fix recognition.
2026-03-23 12:11:21 [WARNING] backend.main: Skipping 128-dim descriptor for user 'l1pItVCAa93It5F4AgHy' ('Pofesor David') — re-enroll to fix recognition.
2026-03-23 12:11:21 [WARNING] backend.main: 3 descriptor(s) skipped (wrong dimension). Re-enroll those users via the app to restore recognition.
2026-03-23 12:11:21 [INFO] backend.main: ✓ Loaded 2 face descriptor(s) from Firestore
2026-03-23 12:11:21 [INFO] backend.vision.pipeline: Starting Vision Pipeline (decoupled mode)...
2026-03-23 12:11:22 [INFO] backend.vision.face_engine: FaceEngine initialized: model=buffalo_sc, det_size=(320, 320), providers=['CPUExecutionProvider']
2026-03-23 12:11:22 [INFO] backend.vision.camera: [cam_axis_01] Camera stream started: Axis P1447-LE
2026-03-23 12:11:22 [INFO] backend.vision.pipeline: [cam_axis_01] Display thread started (25 FPS)
2026-03-23 12:11:22 [INFO] backend.vision.pipeline: [cam_axis_01] Detection thread started
2026-03-23 12:11:22 [INFO] backend.vision.camera: [cam_webcam] Camera stream started: Laptop Webcam
2026-03-23 12:11:22 [INFO] backend.vision.pipeline: [cam_webcam] Display thread started (25 FPS)
2026-03-23 12:11:22 [INFO] backend.vision.pipeline: [cam_webcam] Detection thread started
2026-03-23 12:11:22 [INFO] backend.vision.pipeline: Vision Pipeline started with 2 cameras
2026-03-23 12:11:23 [INFO] backend.main: ✓ Vision Pipeline started
2026-03-23 12:11:23 [INFO] backend.api.door_controller: Door auto-lock thread started
2026-03-23 12:11:23 [INFO] backend.main: ✓ Door auto-lock thread started
2026-03-23 12:11:23 [INFO] backend.main: ============================================================
2026-03-23 12:11:23 [INFO] backend.main:   LabSecure AI v2 — Ready
2026-03-23 12:11:23 [INFO] backend.main: ============================================================
2026-03-23 12:11:24 [INFO] backend.main: ============================================================
2026-03-23 12:11:24 [INFO] backend.main:   LabSecure AI v2 — Starting Up
2026-03-23 12:11:24 [INFO] backend.main: ============================================================
2026-03-23 12:11:24 [INFO] backend.main: ✓ Firebase initialized
2026-03-23 12:11:24 [INFO] backend.db.repositories: Event batch writer started
2026-03-23 12:11:24 [INFO] backend.main: ✓ Event batch writer started
2026-03-23 12:11:24 [INFO] backend.main: ✓ Access Controller initialized
2026-03-23 12:11:24 [INFO] backend.main: ✓ Anomaly Detector initialized
2026-03-23 12:11:24 [INFO] backend.services.camera_monitor: Camera health monitor started
2026-03-23 12:11:24 [INFO] backend.main: ✓ Camera Monitor started
2026-03-23 12:11:25 [WARNING] backend.main: Skipping 128-dim descriptor for user 'OpG6Qn3Dk7M9qvNeAyDg' ('jeanlois de la cruz') — re-enroll to fix recognition.
2026-03-23 12:11:25 [WARNING] backend.main: Skipping 128-dim descriptor for user 'PesBMMw2DJt5LA5bgGNc' ('Janna Luz') — re-enroll to fix recognition.
2026-03-23 12:11:25 [WARNING] backend.main: Skipping 128-dim descriptor for user 'l1pItVCAa93It5F4AgHy' ('Pofesor David') — re-enroll to fix recognition.
2026-03-23 12:11:25 [WARNING] backend.main: 3 descriptor(s) skipped (wrong dimension). Re-enroll those users via the app to restore recognition.
2026-03-23 12:11:25 [INFO] backend.main: ✓ Loaded 2 face descriptor(s) from Firestore
2026-03-23 12:11:25 [INFO] backend.vision.pipeline: Starting Vision Pipeline (decoupled mode)...
2026-03-23 12:11:26 [INFO] backend.vision.face_engine: FaceEngine initialized: model=buffalo_sc, det_size=(320, 320), providers=['CPUExecutionProvider']
2026-03-23 12:11:26 [INFO] backend.vision.camera: [cam_axis_01] Camera stream started: Axis P1447-LE
2026-03-23 12:11:26 [INFO] backend.vision.pipeline: [cam_axis_01] Display thread started (25 FPS)
2026-03-23 12:11:26 [INFO] backend.vision.pipeline: [cam_axis_01] Detection thread started
2026-03-23 12:11:26 [INFO] backend.vision.camera: [cam_webcam] Camera stream started: Laptop Webcam
2026-03-23 12:11:26 [INFO] backend.vision.pipeline: [cam_webcam] Display thread started (25 FPS)
2026-03-23 12:11:26 [INFO] backend.vision.pipeline: [cam_webcam] Detection thread started
2026-03-23 12:11:26 [INFO] backend.vision.pipeline: Vision Pipeline started with 2 cameras
2026-03-23 12:11:26 [INFO] backend.main: ✓ Vision Pipeline started
2026-03-23 12:11:26 [INFO] backend.api.door_controller: Door auto-lock thread started
2026-03-23 12:11:26 [INFO] backend.main: ✓ Door auto-lock thread started
2026-03-23 12:11:26 [INFO] backend.main: ============================================================
2026-03-23 12:11:26 [INFO] backend.main:   LabSecure AI v2 — Ready
2026-03-23 12:11:26 [INFO] backend.main: ============================================================
2026-03-23 12:11:28 [INFO] backend.vision.camera: [cam_webcam] Connected to 0
2026-03-23 12:11:28 [INFO] backend.main: Shutting down LabSecure AI v2...
2026-03-23 12:11:28 [INFO] backend.vision.pipeline: [cam_webcam] Display thread stopped
2026-03-23 12:11:28 [INFO] backend.vision.pipeline: [cam_axis_01] Display thread stopped
2026-03-23 12:11:28 [INFO] backend.vision.pipeline: [cam_webcam] Detection thread stopped
2026-03-23 12:11:28 [INFO] backend.vision.pipeline: [cam_axis_01] Detection thread stopped
2026-03-23 12:11:33 [INFO] backend.vision.camera: [cam_axis_01] Camera stream stopped: Axis P1447-LE
2026-03-23 12:11:33 [INFO] backend.vision.camera: [cam_webcam] Camera stream stopped: Laptop Webcam
2026-03-23 12:11:33 [INFO] backend.vision.pipeline: Vision Pipeline stopped
2026-03-23 12:11:43 [INFO] backend.services.camera_monitor: Camera health monitor stopped
2026-03-23 12:11:44 [INFO] backend.main: ✓ Event batch writer stopped
2026-03-23 12:11:44 [INFO] backend.main: Shutdown complete.
2026-03-23 12:11:46 [INFO] backend.main: ============================================================
2026-03-23 12:11:46 [INFO] backend.main:   LabSecure AI v2 — Starting Up
2026-03-23 12:11:46 [INFO] backend.main: ============================================================
2026-03-23 12:11:47 [INFO] backend.main: ✓ Firebase initialized
2026-03-23 12:11:47 [INFO] backend.db.repositories: Event batch writer started
2026-03-23 12:11:47 [INFO] backend.main: ✓ Event batch writer started
2026-03-23 12:11:47 [INFO] backend.main: ✓ Access Controller initialized
2026-03-23 12:11:47 [INFO] backend.main: ✓ Anomaly Detector initialized
2026-03-23 12:11:47 [INFO] backend.services.camera_monitor: Camera health monitor started
2026-03-23 12:11:47 [INFO] backend.main: ✓ Camera Monitor started
2026-03-23 12:11:47 [WARNING] backend.main: Skipping 128-dim descriptor for user 'OpG6Qn3Dk7M9qvNeAyDg' ('jeanlois de la cruz') — re-enroll to fix recognition.
2026-03-23 12:11:47 [WARNING] backend.main: Skipping 128-dim descriptor for user 'PesBMMw2DJt5LA5bgGNc' ('Janna Luz') — re-enroll to fix recognition.
2026-03-23 12:11:47 [WARNING] backend.main: Skipping 128-dim descriptor for user 'l1pItVCAa93It5F4AgHy' ('Pofesor David') — re-enroll to fix recognition.
2026-03-23 12:11:47 [WARNING] backend.main: 3 descriptor(s) skipped (wrong dimension). Re-enroll those users via the app to restore recognition.
2026-03-23 12:11:47 [INFO] backend.main: ✓ Loaded 2 face descriptor(s) from Firestore
2026-03-23 12:11:47 [INFO] backend.vision.pipeline: Starting Vision Pipeline (decoupled mode)...
2026-03-23 12:11:49 [INFO] backend.vision.face_engine: FaceEngine initialized: model=buffalo_sc, det_size=(320, 320), providers=['CPUExecutionProvider']
2026-03-23 12:11:49 [INFO] backend.vision.camera: [cam_axis_01] Camera stream started: Axis P1447-LE
2026-03-23 12:11:49 [INFO] backend.vision.pipeline: [cam_axis_01] Display thread started (25 FPS)
2026-03-23 12:11:49 [INFO] backend.vision.pipeline: [cam_axis_01] Detection thread started
2026-03-23 12:11:49 [INFO] backend.vision.camera: [cam_webcam] Camera stream started: Laptop Webcam
2026-03-23 12:11:49 [INFO] backend.vision.pipeline: [cam_webcam] Display thread started (25 FPS)
2026-03-23 12:11:49 [INFO] backend.vision.pipeline: [cam_webcam] Detection thread started
2026-03-23 12:11:49 [INFO] backend.vision.pipeline: Vision Pipeline started with 2 cameras
2026-03-23 12:11:49 [INFO] backend.main: ✓ Vision Pipeline started
2026-03-23 12:11:49 [INFO] backend.api.door_controller: Door auto-lock thread started
2026-03-23 12:11:49 [INFO] backend.main: ✓ Door auto-lock thread started
2026-03-23 12:11:49 [INFO] backend.main: ============================================================
2026-03-23 12:11:49 [INFO] backend.main:   LabSecure AI v2 — Ready
2026-03-23 12:11:49 [INFO] backend.main: ============================================================
2026-03-23 12:11:50 [INFO] backend.main: ============================================================
2026-03-23 12:11:50 [INFO] backend.main:   LabSecure AI v2 — Starting Up
2026-03-23 12:11:50 [INFO] backend.main: ============================================================
2026-03-23 12:11:51 [INFO] backend.main: ✓ Firebase initialized
2026-03-23 12:11:51 [INFO] backend.db.repositories: Event batch writer started
2026-03-23 12:11:51 [INFO] backend.main: ✓ Event batch writer started
2026-03-23 12:11:51 [INFO] backend.main: ✓ Access Controller initialized
2026-03-23 12:11:51 [INFO] backend.main: ✓ Anomaly Detector initialized
2026-03-23 12:11:51 [INFO] backend.services.camera_monitor: Camera health monitor started
2026-03-23 12:11:51 [INFO] backend.main: ✓ Camera Monitor started
2026-03-23 12:11:51 [WARNING] backend.main: Skipping 128-dim descriptor for user 'OpG6Qn3Dk7M9qvNeAyDg' ('jeanlois de la cruz') — re-enroll to fix recognition.
2026-03-23 12:11:51 [WARNING] backend.main: Skipping 128-dim descriptor for user 'PesBMMw2DJt5LA5bgGNc' ('Janna Luz') — re-enroll to fix recognition.
2026-03-23 12:11:51 [WARNING] backend.main: Skipping 128-dim descriptor for user 'l1pItVCAa93It5F4AgHy' ('Pofesor David') — re-enroll to fix recognition.
2026-03-23 12:11:51 [WARNING] backend.main: 3 descriptor(s) skipped (wrong dimension). Re-enroll those users via the app to restore recognition.
2026-03-23 12:11:51 [INFO] backend.main: ✓ Loaded 2 face descriptor(s) from Firestore
2026-03-23 12:11:51 [INFO] backend.vision.pipeline: Starting Vision Pipeline (decoupled mode)...
2026-03-23 12:11:52 [INFO] backend.vision.face_engine: FaceEngine initialized: model=buffalo_sc, det_size=(320, 320), providers=['CPUExecutionProvider']
2026-03-23 12:11:52 [INFO] backend.vision.camera: [cam_axis_01] Camera stream started: Axis P1447-LE
2026-03-23 12:11:52 [INFO] backend.vision.pipeline: [cam_axis_01] Display thread started (25 FPS)
2026-03-23 12:11:52 [INFO] backend.vision.pipeline: [cam_axis_01] Detection thread started
2026-03-23 12:11:52 [INFO] backend.vision.camera: [cam_webcam] Camera stream started: Laptop Webcam
2026-03-23 12:11:52 [INFO] backend.vision.pipeline: [cam_webcam] Display thread started (25 FPS)
2026-03-23 12:11:52 [INFO] backend.vision.pipeline: [cam_webcam] Detection thread started
2026-03-23 12:11:52 [INFO] backend.vision.pipeline: Vision Pipeline started with 2 cameras
2026-03-23 12:11:53 [INFO] backend.main: ✓ Vision Pipeline started
2026-03-23 12:11:53 [INFO] backend.api.door_controller: Door auto-lock thread started
2026-03-23 12:11:53 [INFO] backend.main: ✓ Door auto-lock thread started
2026-03-23 12:11:53 [INFO] backend.main: ============================================================
2026-03-23 12:11:53 [INFO] backend.main:   LabSecure AI v2 — Ready
2026-03-23 12:11:53 [INFO] backend.main: ============================================================
2026-03-23 12:11:54 [INFO] backend.vision.camera: [cam_webcam] Connected to 0
2026-03-23 12:12:22 [WARNING] backend.vision.camera: [cam_axis_01] Failed to open rtsp://root:admin12345$_@192.168.0.90:554/axis-media/media.amp
2026-03-23 12:12:22 [INFO] backend.vision.camera: [cam_axis_01] Retrying in 2.0s...
2026-03-23 12:12:53 [INFO] backend.main: Shutting down LabSecure AI v2...
2026-03-23 12:12:53 [INFO] backend.vision.pipeline: [cam_axis_01] Display thread stopped
2026-03-23 12:12:53 [INFO] backend.vision.pipeline: [cam_webcam] Detection thread stopped
2026-03-23 12:12:53 [INFO] backend.vision.pipeline: [cam_webcam] Display thread stopped
2026-03-23 12:12:53 [INFO] backend.vision.pipeline: [cam_axis_01] Detection thread stopped
2026-03-23 12:12:55 [WARNING] backend.vision.camera: [cam_axis_01] Failed to open rtsp://root:admin12345$_@192.168.0.90:554/axis-media/media.amp
2026-03-23 12:12:55 [INFO] backend.vision.camera: [cam_axis_01] Retrying in 3.0s...
2026-03-23 12:12:58 [INFO] backend.vision.camera: [cam_axis_01] Camera stream stopped: Axis P1447-LE
2026-03-23 12:12:58 [INFO] backend.vision.camera: [cam_webcam] Camera stream stopped: Laptop Webcam
2026-03-23 12:12:58 [INFO] backend.vision.pipeline: Vision Pipeline stopped
2026-03-23 12:12:59 [INFO] backend.services.camera_monitor: Camera health monitor stopped
2026-03-23 12:13:01 [INFO] backend.main: ✓ Event batch writer stopped
2026-03-23 12:13:01 [INFO] backend.main: Shutdown complete.
2026-03-23 12:13:02 [INFO] backend.main: ============================================================
2026-03-23 12:13:02 [INFO] backend.main:   LabSecure AI v2 — Starting Up
2026-03-23 12:13:02 [INFO] backend.main: ============================================================
2026-03-23 12:13:03 [INFO] backend.main: ✓ Firebase initialized
2026-03-23 12:13:03 [INFO] backend.db.repositories: Event batch writer started
2026-03-23 12:13:03 [INFO] backend.main: ✓ Event batch writer started
2026-03-23 12:13:03 [INFO] backend.main: ✓ Access Controller initialized
2026-03-23 12:13:03 [INFO] backend.main: ✓ Anomaly Detector initialized
2026-03-23 12:13:03 [INFO] backend.services.camera_monitor: Camera health monitor started
2026-03-23 12:13:03 [INFO] backend.main: ✓ Camera Monitor started
2026-03-23 12:13:03 [WARNING] backend.main: Skipping 128-dim descriptor for user 'OpG6Qn3Dk7M9qvNeAyDg' ('jeanlois de la cruz') — re-enroll to fix recognition.
2026-03-23 12:13:03 [WARNING] backend.main: Skipping 128-dim descriptor for user 'PesBMMw2DJt5LA5bgGNc' ('Janna Luz') — re-enroll to fix recognition.
2026-03-23 12:13:03 [WARNING] backend.main: Skipping 128-dim descriptor for user 'l1pItVCAa93It5F4AgHy' ('Pofesor David') — re-enroll to fix recognition.
2026-03-23 12:13:03 [WARNING] backend.main: 3 descriptor(s) skipped (wrong dimension). Re-enroll those users via the app to restore recognition.
2026-03-23 12:13:03 [INFO] backend.main: ✓ Loaded 2 face descriptor(s) from Firestore
2026-03-23 12:13:03 [INFO] backend.vision.pipeline: Starting Vision Pipeline (decoupled mode)...
2026-03-23 12:13:05 [INFO] backend.vision.face_engine: FaceEngine initialized: model=buffalo_sc, det_size=(320, 320), providers=['CPUExecutionProvider']
2026-03-23 12:13:05 [INFO] backend.vision.camera: [cam_axis_01] Camera stream started: Axis P1447-LE
2026-03-23 12:13:05 [INFO] backend.vision.pipeline: [cam_axis_01] Display thread started (25 FPS)
2026-03-23 12:13:05 [INFO] backend.vision.pipeline: [cam_axis_01] Detection thread started
2026-03-23 12:13:05 [INFO] backend.vision.camera: [cam_webcam] Camera stream started: Laptop Webcam
2026-03-23 12:13:05 [INFO] backend.vision.pipeline: [cam_webcam] Display thread started (25 FPS)
2026-03-23 12:13:05 [INFO] backend.vision.pipeline: [cam_webcam] Detection thread started
2026-03-23 12:13:05 [INFO] backend.vision.pipeline: Vision Pipeline started with 2 cameras
2026-03-23 12:13:05 [INFO] backend.main: ✓ Vision Pipeline started
2026-03-23 12:13:05 [INFO] backend.api.door_controller: Door auto-lock thread started
2026-03-23 12:13:05 [INFO] backend.main: ✓ Door auto-lock thread started
2026-03-23 12:13:05 [INFO] backend.main: ============================================================
2026-03-23 12:13:05 [INFO] backend.main:   LabSecure AI v2 — Ready
2026-03-23 12:13:05 [INFO] backend.main: ============================================================
2026-03-23 12:13:06 [INFO] backend.main: ============================================================
2026-03-23 12:13:06 [INFO] backend.main:   LabSecure AI v2 — Starting Up
2026-03-23 12:13:06 [INFO] backend.main: ============================================================
2026-03-23 12:13:07 [INFO] backend.main: ✓ Firebase initialized
2026-03-23 12:13:07 [INFO] backend.db.repositories: Event batch writer started
2026-03-23 12:13:07 [INFO] backend.main: ✓ Event batch writer started
2026-03-23 12:13:07 [INFO] backend.main: ✓ Access Controller initialized
2026-03-23 12:13:07 [INFO] backend.main: ✓ Anomaly Detector initialized
2026-03-23 12:13:07 [INFO] backend.services.camera_monitor: Camera health monitor started
2026-03-23 12:13:07 [INFO] backend.main: ✓ Camera Monitor started
2026-03-23 12:13:07 [WARNING] backend.main: Skipping 128-dim descriptor for user 'OpG6Qn3Dk7M9qvNeAyDg' ('jeanlois de la cruz') — re-enroll to fix recognition.
2026-03-23 12:13:07 [WARNING] backend.main: Skipping 128-dim descriptor for user 'PesBMMw2DJt5LA5bgGNc' ('Janna Luz') — re-enroll to fix recognition.
2026-03-23 12:13:07 [WARNING] backend.main: Skipping 128-dim descriptor for user 'l1pItVCAa93It5F4AgHy' ('Pofesor David') — re-enroll to fix recognition.
2026-03-23 12:13:07 [WARNING] backend.main: 3 descriptor(s) skipped (wrong dimension). Re-enroll those users via the app to restore recognition.
2026-03-23 12:13:07 [INFO] backend.main: ✓ Loaded 2 face descriptor(s) from Firestore
2026-03-23 12:13:07 [INFO] backend.vision.pipeline: Starting Vision Pipeline (decoupled mode)...
2026-03-23 12:13:09 [INFO] backend.vision.face_engine: FaceEngine initialized: model=buffalo_sc, det_size=(320, 320), providers=['CPUExecutionProvider']
2026-03-23 12:13:09 [INFO] backend.vision.camera: [cam_axis_01] Camera stream started: Axis P1447-LE
2026-03-23 12:13:09 [INFO] backend.vision.pipeline: [cam_axis_01] Display thread started (25 FPS)
2026-03-23 12:13:09 [INFO] backend.vision.pipeline: [cam_axis_01] Detection thread started
2026-03-23 12:13:09 [INFO] backend.vision.camera: [cam_webcam] Camera stream started: Laptop Webcam
2026-03-23 12:13:09 [INFO] backend.vision.pipeline: [cam_webcam] Display thread started (25 FPS)
2026-03-23 12:13:09 [INFO] backend.vision.pipeline: [cam_webcam] Detection thread started
2026-03-23 12:13:09 [INFO] backend.vision.pipeline: Vision Pipeline started with 2 cameras
2026-03-23 12:13:09 [INFO] backend.main: ✓ Vision Pipeline started
2026-03-23 12:13:09 [INFO] backend.api.door_controller: Door auto-lock thread started
2026-03-23 12:13:09 [INFO] backend.main: ✓ Door auto-lock thread started
2026-03-23 12:13:09 [INFO] backend.main: ============================================================
2026-03-23 12:13:09 [INFO] backend.main:   LabSecure AI v2 — Ready
2026-03-23 12:13:09 [INFO] backend.main: ============================================================
2026-03-23 12:13:10 [INFO] backend.vision.camera: [cam_webcam] Connected to 0
2026-03-23 12:13:39 [WARNING] backend.vision.camera: [cam_axis_01] Failed to open rtsp://root:admin12345$_@192.168.0.90:554/axis-media/media.amp
2026-03-23 12:13:39 [INFO] backend.vision.camera: [cam_axis_01] Retrying in 2.0s...
2026-03-23 12:14:11 [WARNING] backend.vision.camera: [cam_axis_01] Failed to open rtsp://root:admin12345$_@192.168.0.90:554/axis-media/media.amp
2026-03-23 12:14:11 [INFO] backend.vision.camera: [cam_axis_01] Retrying in 3.0s...
2026-03-23 12:14:44 [WARNING] backend.vision.camera: [cam_axis_01] Failed to open rtsp://root:admin12345$_@192.168.0.90:554/axis-media/media.amp
2026-03-23 12:14:44 [INFO] backend.vision.camera: [cam_axis_01] Retrying in 4.5s...
2026-03-23 12:15:18 [WARNING] backend.vision.camera: [cam_axis_01] Failed to open rtsp://root:admin12345$_@192.168.0.90:554/axis-media/media.amp
2026-03-23 12:15:18 [INFO] backend.vision.camera: [cam_axis_01] Retrying in 6.8s...
2026-03-23 12:15:22 [INFO] backend.main: Shutting down LabSecure AI v2...
2026-03-23 12:15:22 [INFO] backend.vision.pipeline: [cam_webcam] Display thread stopped
2026-03-23 12:15:22 [INFO] backend.vision.pipeline: [cam_axis_01] Detection thread stopped
2026-03-23 12:15:22 [INFO] backend.vision.pipeline: [cam_axis_01] Display thread stopped
2026-03-23 12:15:22 [INFO] backend.vision.pipeline: [cam_webcam] Detection thread stopped
2026-03-23 12:15:25 [INFO] backend.vision.camera: [cam_axis_01] Camera stream stopped: Axis P1447-LE
2026-03-23 12:15:25 [INFO] backend.vision.camera: [cam_webcam] Camera stream stopped: Laptop Webcam
2026-03-23 12:15:25 [INFO] backend.vision.pipeline: Vision Pipeline stopped
2026-03-23 12:15:35 [INFO] backend.services.camera_monitor: Camera health monitor stopped
2026-03-23 12:15:37 [INFO] backend.main: ✓ Event batch writer stopped
2026-03-23 12:15:37 [INFO] backend.main: Shutdown complete.
2026-03-23 12:15:40 [INFO] backend.main: ============================================================
2026-03-23 12:15:40 [INFO] backend.main:   LabSecure AI v2 — Starting Up
2026-03-23 12:15:40 [INFO] backend.main: ============================================================
2026-03-23 12:15:40 [INFO] backend.main: ✓ Firebase initialized
2026-03-23 12:15:40 [INFO] backend.db.repositories: Event batch writer started
2026-03-23 12:15:40 [INFO] backend.main: ✓ Event batch writer started
2026-03-23 12:15:40 [INFO] backend.main: ✓ Access Controller initialized
2026-03-23 12:15:40 [INFO] backend.main: ✓ Anomaly Detector initialized
2026-03-23 12:15:40 [INFO] backend.services.camera_monitor: Camera health monitor started
2026-03-23 12:15:40 [INFO] backend.main: ✓ Camera Monitor started
2026-03-23 12:15:41 [WARNING] backend.main: Skipping 128-dim descriptor for user 'OpG6Qn3Dk7M9qvNeAyDg' ('jeanlois de la cruz') — re-enroll to fix recognition.
2026-03-23 12:15:41 [WARNING] backend.main: Skipping 128-dim descriptor for user 'PesBMMw2DJt5LA5bgGNc' ('Janna Luz') — re-enroll to fix recognition.
2026-03-23 12:15:41 [WARNING] backend.main: Skipping 128-dim descriptor for user 'l1pItVCAa93It5F4AgHy' ('Pofesor David') — re-enroll to fix recognition.
2026-03-23 12:15:41 [WARNING] backend.main: 3 descriptor(s) skipped (wrong dimension). Re-enroll those users via the app to restore recognition.
2026-03-23 12:15:41 [INFO] backend.main: ✓ Loaded 2 face descriptor(s) from Firestore
2026-03-23 12:15:41 [INFO] backend.vision.pipeline: Starting Vision Pipeline (decoupled mode)...
2026-03-23 12:15:43 [INFO] backend.vision.face_engine: FaceEngine initialized: model=buffalo_sc, det_size=(320, 320), providers=['CPUExecutionProvider']
2026-03-23 12:15:43 [INFO] backend.vision.camera: [cam_axis_01] Camera stream started: Axis P1447-LE
2026-03-23 12:15:43 [INFO] backend.vision.pipeline: [cam_axis_01] Display thread started (25 FPS)
2026-03-23 12:15:43 [INFO] backend.vision.pipeline: [cam_axis_01] Detection thread started
2026-03-23 12:15:43 [INFO] backend.vision.camera: [cam_webcam] Camera stream started: Laptop Webcam
2026-03-23 12:15:43 [INFO] backend.vision.pipeline: [cam_webcam] Display thread started (25 FPS)
2026-03-23 12:15:43 [INFO] backend.vision.pipeline: [cam_webcam] Detection thread started
2026-03-23 12:15:43 [INFO] backend.vision.pipeline: Vision Pipeline started with 2 cameras
2026-03-23 12:15:43 [INFO] backend.main: ✓ Vision Pipeline started
2026-03-23 12:15:43 [INFO] backend.api.door_controller: Door auto-lock thread started
2026-03-23 12:15:43 [INFO] backend.main: ✓ Door auto-lock thread started
2026-03-23 12:15:43 [INFO] backend.main: ============================================================
2026-03-23 12:15:43 [INFO] backend.main:   LabSecure AI v2 — Ready
2026-03-23 12:15:43 [INFO] backend.main: ============================================================
2026-03-23 12:15:44 [INFO] backend.main: ============================================================
2026-03-23 12:15:44 [INFO] backend.main:   LabSecure AI v2 — Starting Up
2026-03-23 12:15:44 [INFO] backend.main: ============================================================
2026-03-23 12:15:45 [INFO] backend.main: ✓ Firebase initialized
2026-03-23 12:15:45 [INFO] backend.db.repositories: Event batch writer started
2026-03-23 12:15:45 [INFO] backend.main: ✓ Event batch writer started
2026-03-23 12:15:45 [INFO] backend.main: ✓ Access Controller initialized
2026-03-23 12:15:45 [INFO] backend.main: ✓ Anomaly Detector initialized
2026-03-23 12:15:45 [INFO] backend.services.camera_monitor: Camera health monitor started
2026-03-23 12:15:45 [INFO] backend.main: ✓ Camera Monitor started
2026-03-23 12:15:45 [WARNING] backend.main: Skipping 128-dim descriptor for user 'OpG6Qn3Dk7M9qvNeAyDg' ('jeanlois de la cruz') — re-enroll to fix recognition.
2026-03-23 12:15:45 [WARNING] backend.main: Skipping 128-dim descriptor for user 'PesBMMw2DJt5LA5bgGNc' ('Janna Luz') — re-enroll to fix recognition.
2026-03-23 12:15:45 [WARNING] backend.main: Skipping 128-dim descriptor for user 'l1pItVCAa93It5F4AgHy' ('Pofesor David') — re-enroll to fix recognition.
2026-03-23 12:15:45 [WARNING] backend.main: 3 descriptor(s) skipped (wrong dimension). Re-enroll those users via the app to restore recognition.
2026-03-23 12:15:45 [INFO] backend.main: ✓ Loaded 2 face descriptor(s) from Firestore
2026-03-23 12:15:45 [INFO] backend.vision.pipeline: Starting Vision Pipeline (decoupled mode)...
2026-03-23 12:15:46 [INFO] backend.vision.face_engine: FaceEngine initialized: model=buffalo_sc, det_size=(320, 320), providers=['CPUExecutionProvider']
2026-03-23 12:15:46 [INFO] backend.vision.camera: [cam_axis_01] Camera stream started: Axis P1447-LE
2026-03-23 12:15:46 [INFO] backend.vision.pipeline: [cam_axis_01] Display thread started (25 FPS)
2026-03-23 12:15:46 [INFO] backend.vision.pipeline: [cam_axis_01] Detection thread started
2026-03-23 12:15:46 [INFO] backend.vision.camera: [cam_webcam] Camera stream started: Laptop Webcam
2026-03-23 12:15:46 [INFO] backend.vision.pipeline: [cam_webcam] Display thread started (25 FPS)
2026-03-23 12:15:46 [INFO] backend.vision.pipeline: [cam_webcam] Detection thread started
2026-03-23 12:15:46 [INFO] backend.vision.pipeline: Vision Pipeline started with 2 cameras
2026-03-23 12:15:46 [INFO] backend.main: ✓ Vision Pipeline started
2026-03-23 12:15:46 [INFO] backend.api.door_controller: Door auto-lock thread started
2026-03-23 12:15:46 [INFO] backend.main: ✓ Door auto-lock thread started
2026-03-23 12:15:46 [INFO] backend.main: ============================================================
2026-03-23 12:15:46 [INFO] backend.main:   LabSecure AI v2 — Ready
2026-03-23 12:15:46 [INFO] backend.main: ============================================================
2026-03-23 12:15:48 [INFO] backend.vision.camera: [cam_webcam] Connected to 0
2026-03-23 12:16:16 [WARNING] backend.vision.camera: [cam_axis_01] Failed to open rtsp://root:admin12345$_@192.168.0.90:554/axis-media/media.amp
2026-03-23 12:16:16 [INFO] backend.vision.camera: [cam_axis_01] Retrying in 2.0s...
2026-03-23 12:16:31 [INFO] backend.main: Shutting down LabSecure AI v2...
2026-03-23 12:16:31 [INFO] backend.vision.pipeline: [cam_axis_01] Display thread stopped
2026-03-23 12:16:31 [INFO] backend.vision.pipeline: [cam_webcam] Display thread stopped
2026-03-23 12:16:31 [INFO] backend.vision.pipeline: [cam_axis_01] Detection thread stopped
2026-03-23 12:16:31 [INFO] backend.vision.pipeline: [cam_webcam] Detection thread stopped
2026-03-23 12:16:36 [INFO] backend.vision.camera: [cam_axis_01] Camera stream stopped: Axis P1447-LE
2026-03-23 12:16:36 [INFO] backend.vision.camera: [cam_webcam] Camera stream stopped: Laptop Webcam
2026-03-23 12:16:36 [INFO] backend.vision.pipeline: Vision Pipeline stopped
2026-03-23 12:16:46 [INFO] backend.services.camera_monitor: Camera health monitor stopped
2026-03-23 12:16:49 [WARNING] backend.vision.camera: [cam_axis_01] Failed to open rtsp://root:admin12345$_@192.168.0.90:554/axis-media/media.amp
2026-03-23 12:16:49 [INFO] backend.vision.camera: [cam_axis_01] Retrying in 3.0s...
2026-03-23 12:16:50 [INFO] backend.main: ✓ Event batch writer stopped
2026-03-23 12:16:50 [INFO] backend.main: Shutdown complete.
2026-03-23 12:16:51 [INFO] backend.main: ============================================================
2026-03-23 12:16:51 [INFO] backend.main:   LabSecure AI v2 — Starting Up
2026-03-23 12:16:51 [INFO] backend.main: ============================================================
2026-03-23 12:18:00 [INFO] backend.main: ✓ Firebase initialized
2026-03-23 12:18:00 [INFO] backend.db.repositories: Event batch writer started
2026-03-23 12:18:00 [INFO] backend.main: ✓ Event batch writer started
2026-03-23 12:18:00 [INFO] backend.main: ✓ Access Controller initialized
2026-03-23 12:18:00 [INFO] backend.main: ✓ Anomaly Detector initialized
2026-03-23 12:18:00 [INFO] backend.services.camera_monitor: Camera health monitor started
2026-03-23 12:18:00 [INFO] backend.main: ✓ Camera Monitor started
2026-03-23 12:18:00 [WARNING] backend.main: Skipping 128-dim descriptor for user 'OpG6Qn3Dk7M9qvNeAyDg' ('jeanlois de la cruz') — re-enroll to fix recognition.
2026-03-23 12:18:00 [WARNING] backend.main: Skipping 128-dim descriptor for user 'PesBMMw2DJt5LA5bgGNc' ('Janna Luz') — re-enroll to fix recognition.
2026-03-23 12:18:00 [WARNING] backend.main: Skipping 128-dim descriptor for user 'l1pItVCAa93It5F4AgHy' ('Pofesor David') — re-enroll to fix recognition.
2026-03-23 12:18:00 [WARNING] backend.main: 3 descriptor(s) skipped (wrong dimension). Re-enroll those users via the app to restore recognition.
2026-03-23 12:18:00 [INFO] backend.main: ✓ Loaded 2 face descriptor(s) from Firestore
2026-03-23 12:18:00 [INFO] backend.vision.pipeline: Starting Vision Pipeline (decoupled mode)...
2026-03-23 12:18:02 [INFO] backend.vision.face_engine: FaceEngine initialized: model=buffalo_sc, det_size=(320, 320), providers=['CPUExecutionProvider']
2026-03-23 12:18:02 [INFO] backend.vision.camera: [cam_axis_01] Camera stream started: Axis P1447-LE
2026-03-23 12:18:02 [INFO] backend.vision.pipeline: [cam_axis_01] Display thread started (25 FPS)
2026-03-23 12:18:02 [INFO] backend.vision.pipeline: [cam_axis_01] Detection thread started
2026-03-23 12:18:02 [INFO] backend.vision.camera: [cam_webcam] Camera stream started: Laptop Webcam
2026-03-23 12:18:02 [INFO] backend.vision.pipeline: [cam_webcam] Display thread started (25 FPS)
2026-03-23 12:18:02 [INFO] backend.vision.pipeline: [cam_webcam] Detection thread started
2026-03-23 12:18:02 [INFO] backend.vision.pipeline: Vision Pipeline started with 2 cameras
2026-03-23 12:18:02 [INFO] backend.main: ✓ Vision Pipeline started
2026-03-23 12:18:02 [INFO] backend.api.door_controller: Door auto-lock thread started
2026-03-23 12:18:02 [INFO] backend.main: ✓ Door auto-lock thread started
2026-03-23 12:18:02 [INFO] backend.main: ============================================================
2026-03-23 12:18:02 [INFO] backend.main:   LabSecure AI v2 — Ready
2026-03-23 12:18:02 [INFO] backend.main: ============================================================
2026-03-23 12:18:03 [INFO] backend.main: ============================================================
2026-03-23 12:18:03 [INFO] backend.main:   LabSecure AI v2 — Starting Up
2026-03-23 12:18:03 [INFO] backend.main: ============================================================
2026-03-23 12:18:04 [INFO] backend.main: ✓ Firebase initialized
2026-03-23 12:18:04 [INFO] backend.db.repositories: Event batch writer started
2026-03-23 12:18:04 [INFO] backend.main: ✓ Event batch writer started
2026-03-23 12:18:04 [INFO] backend.main: ✓ Access Controller initialized
2026-03-23 12:18:04 [INFO] backend.main: ✓ Anomaly Detector initialized
2026-03-23 12:18:04 [INFO] backend.services.camera_monitor: Camera health monitor started
2026-03-23 12:18:04 [INFO] backend.main: ✓ Camera Monitor started
2026-03-23 12:18:05 [WARNING] backend.main: Skipping 128-dim descriptor for user 'OpG6Qn3Dk7M9qvNeAyDg' ('jeanlois de la cruz') — re-enroll to fix recognition.
2026-03-23 12:18:05 [WARNING] backend.main: Skipping 128-dim descriptor for user 'PesBMMw2DJt5LA5bgGNc' ('Janna Luz') — re-enroll to fix recognition.
2026-03-23 12:18:05 [WARNING] backend.main: Skipping 128-dim descriptor for user 'l1pItVCAa93It5F4AgHy' ('Pofesor David') — re-enroll to fix recognition.
2026-03-23 12:18:05 [WARNING] backend.main: 3 descriptor(s) skipped (wrong dimension). Re-enroll those users via the app to restore recognition.
2026-03-23 12:18:05 [INFO] backend.main: ✓ Loaded 2 face descriptor(s) from Firestore
2026-03-23 12:18:05 [INFO] backend.vision.pipeline: Starting Vision Pipeline (decoupled mode)...
2026-03-23 12:18:07 [INFO] backend.vision.face_engine: FaceEngine initialized: model=buffalo_sc, det_size=(320, 320), providers=['CPUExecutionProvider']
2026-03-23 12:18:07 [INFO] backend.vision.camera: [cam_axis_01] Camera stream started: Axis P1447-LE
2026-03-23 12:18:07 [INFO] backend.vision.pipeline: [cam_axis_01] Display thread started (25 FPS)
2026-03-23 12:18:07 [INFO] backend.vision.pipeline: [cam_axis_01] Detection thread started
2026-03-23 12:18:07 [INFO] backend.vision.camera: [cam_webcam] Camera stream started: Laptop Webcam
2026-03-23 12:18:07 [INFO] backend.vision.pipeline: [cam_webcam] Display thread started (25 FPS)
2026-03-23 12:18:07 [INFO] backend.vision.pipeline: [cam_webcam] Detection thread started
2026-03-23 12:18:07 [INFO] backend.vision.pipeline: Vision Pipeline started with 2 cameras
2026-03-23 12:18:07 [INFO] backend.main: ✓ Vision Pipeline started
2026-03-23 12:18:07 [INFO] backend.api.door_controller: Door auto-lock thread started
2026-03-23 12:18:07 [INFO] backend.main: ✓ Door auto-lock thread started
2026-03-23 12:18:07 [INFO] backend.main: ============================================================
2026-03-23 12:18:07 [INFO] backend.main:   LabSecure AI v2 — Ready
2026-03-23 12:18:07 [INFO] backend.main: ============================================================
2026-03-23 12:18:08 [INFO] backend.vision.camera: [cam_webcam] Connected to 0
2026-03-23 12:18:37 [WARNING] backend.vision.camera: [cam_axis_01] Failed to open rtsp://root:admin12345$_@192.168.0.90:554/axis-media/media.amp
2026-03-23 12:18:37 [INFO] backend.vision.camera: [cam_axis_01] Retrying in 2.0s...
2026-03-23 12:19:09 [WARNING] backend.vision.camera: [cam_axis_01] Failed to open rtsp://root:admin12345$_@192.168.0.90:554/axis-media/media.amp
2026-03-23 12:19:09 [INFO] backend.vision.camera: [cam_axis_01] Retrying in 3.0s...
2026-03-23 12:19:42 [WARNING] backend.vision.camera: [cam_axis_01] Failed to open rtsp://root:admin12345$_@192.168.0.90:554/axis-media/media.amp
2026-03-23 12:19:42 [INFO] backend.vision.camera: [cam_axis_01] Retrying in 4.5s...
2026-03-23 12:20:17 [WARNING] backend.vision.camera: [cam_axis_01] Failed to open rtsp://root:admin12345$_@192.168.0.90:554/axis-media/media.amp
2026-03-23 12:20:17 [INFO] backend.vision.camera: [cam_axis_01] Retrying in 6.8s...
2026-03-23 12:20:53 [WARNING] backend.vision.camera: [cam_axis_01] Failed to open rtsp://root:admin12345$_@192.168.0.90:554/axis-media/media.amp
2026-03-23 12:20:53 [INFO] backend.vision.camera: [cam_axis_01] Retrying in 10.1s...
2026-03-23 12:21:34 [WARNING] backend.vision.camera: [cam_axis_01] Failed to open rtsp://root:admin12345$_@192.168.0.90:554/axis-media/media.amp
2026-03-23 12:21:34 [INFO] backend.vision.camera: [cam_axis_01] Retrying in 15.2s...
2026-03-23 12:22:19 [WARNING] backend.vision.camera: [cam_axis_01] Failed to open rtsp://root:admin12345$_@192.168.0.90:554/axis-media/media.amp
2026-03-23 12:22:19 [INFO] backend.vision.camera: [cam_axis_01] Retrying in 22.8s...
2026-03-23 12:22:48 [INFO] backend.main: Shutting down LabSecure AI v2...
2026-03-23 12:22:48 [INFO] backend.vision.pipeline: [cam_axis_01] Display thread stopped
2026-03-23 12:22:48 [INFO] backend.vision.pipeline: [cam_webcam] Display thread stopped
2026-03-23 12:22:48 [INFO] backend.vision.pipeline: [cam_axis_01] Detection thread stopped
2026-03-23 12:22:53 [INFO] backend.vision.camera: [cam_axis_01] Camera stream stopped: Axis P1447-LE
2026-03-23 12:22:53 [INFO] backend.vision.camera: [cam_webcam] Camera stream stopped: Laptop Webcam
2026-03-23 12:22:58 [INFO] backend.vision.pipeline: Vision Pipeline stopped
2026-03-23 12:23:08 [INFO] backend.services.camera_monitor: Camera health monitor stopped
2026-03-23 12:23:10 [INFO] backend.main: ✓ Event batch writer stopped
2026-03-23 12:23:10 [INFO] backend.main: Shutdown complete.
2026-03-23 12:29:42 [INFO] backend.main: ============================================================
2026-03-23 12:29:42 [INFO] backend.main:   LabSecure AI v2 — Starting Up
2026-03-23 12:29:42 [INFO] backend.main: ============================================================
2026-03-23 12:29:42 [INFO] backend.main: ✓ Firebase initialized
2026-03-23 12:29:42 [INFO] backend.db.repositories: Event batch writer started
2026-03-23 12:29:42 [INFO] backend.main: ✓ Event batch writer started
2026-03-23 12:29:42 [INFO] backend.main: ✓ Access Controller initialized
2026-03-23 12:29:42 [INFO] backend.main: ✓ Anomaly Detector initialized
2026-03-23 12:29:42 [INFO] backend.services.camera_monitor: Camera health monitor started
2026-03-23 12:29:42 [INFO] backend.main: ✓ Camera Monitor started
2026-03-23 12:29:43 [WARNING] backend.main: Skipping 128-dim descriptor for user 'OpG6Qn3Dk7M9qvNeAyDg' ('jeanlois de la cruz') — re-enroll to fix recognition.
2026-03-23 12:29:43 [WARNING] backend.main: Skipping 128-dim descriptor for user 'PesBMMw2DJt5LA5bgGNc' ('Janna Luz') — re-enroll to fix recognition.
2026-03-23 12:29:43 [WARNING] backend.main: Skipping 128-dim descriptor for user 'l1pItVCAa93It5F4AgHy' ('Pofesor David') — re-enroll to fix recognition.
2026-03-23 12:29:43 [WARNING] backend.main: 3 descriptor(s) skipped (wrong dimension). Re-enroll those users via the app to restore recognition.
2026-03-23 12:29:43 [INFO] backend.main: ✓ Loaded 2 face descriptor(s) from Firestore
2026-03-23 12:29:43 [INFO] backend.vision.pipeline: Starting Vision Pipeline (decoupled mode)...
2026-03-23 12:29:44 [INFO] backend.vision.face_engine: FaceEngine initialized: model=buffalo_sc, det_size=(320, 320), providers=['CPUExecutionProvider']
2026-03-23 12:29:44 [INFO] backend.vision.camera: [cam_axis_01] Camera stream started: Axis P1447-LE
2026-03-23 12:29:44 [INFO] backend.vision.pipeline: [cam_axis_01] Display thread started (25 FPS)
2026-03-23 12:29:44 [INFO] backend.vision.pipeline: [cam_axis_01] Detection thread started
2026-03-23 12:29:44 [INFO] backend.vision.camera: [cam_webcam] Camera stream started: Laptop Webcam
2026-03-23 12:29:44 [INFO] backend.vision.pipeline: [cam_webcam] Display thread started (25 FPS)
2026-03-23 12:29:44 [INFO] backend.vision.pipeline: [cam_webcam] Detection thread started
2026-03-23 12:29:44 [INFO] backend.vision.pipeline: Vision Pipeline started with 2 cameras
2026-03-23 12:29:45 [INFO] backend.main: ✓ Vision Pipeline started
2026-03-23 12:29:45 [INFO] backend.api.door_controller: Door auto-lock thread started
2026-03-23 12:29:45 [INFO] backend.main: ✓ Door auto-lock thread started
2026-03-23 12:29:45 [INFO] backend.main: ============================================================
2026-03-23 12:29:45 [INFO] backend.main:   LabSecure AI v2 — Ready
2026-03-23 12:29:45 [INFO] backend.main: ============================================================
2026-03-23 12:29:46 [INFO] backend.vision.camera: [cam_webcam] Connected to 0
2026-03-23 12:30:15 [WARNING] backend.vision.camera: [cam_axis_01] Failed to open rtsp://root:admin12345$_@192.168.0.90:554/axis-media/media.amp
2026-03-23 12:30:15 [INFO] backend.vision.camera: [cam_axis_01] Retrying in 2.0s...
2026-03-23 12:30:19 [INFO] backend.utils.sim_clock: Simulation clock set to 2026-03-23 monday 09:00
2026-03-23 12:30:22 [INFO] backend.api.door_controller: [qIH3ae0D99tTU5diycoG] Continuous scan started
2026-03-23 12:30:22 [INFO] backend.api.door_controller: Door UNLOCKED — room=Telematics Lab, by=Fabrice Thenor Louis, schedule=Morning Lab
2026-03-23 12:30:47 [WARNING] backend.vision.camera: [cam_axis_01] Failed to open rtsp://root:admin12345$_@192.168.0.90:554/axis-media/media.amp
2026-03-23 12:30:47 [INFO] backend.vision.camera: [cam_axis_01] Retrying in 3.0s...
2026-03-23 12:31:20 [WARNING] backend.vision.camera: [cam_axis_01] Failed to open rtsp://root:admin12345$_@192.168.0.90:554/axis-media/media.amp
2026-03-23 12:31:20 [INFO] backend.vision.camera: [cam_axis_01] Retrying in 4.5s...
2026-03-23 12:31:54 [WARNING] backend.vision.camera: [cam_axis_01] Failed to open rtsp://root:admin12345$_@192.168.0.90:554/axis-media/media.amp
2026-03-23 12:31:54 [INFO] backend.vision.camera: [cam_axis_01] Retrying in 6.8s...
2026-03-23 12:32:31 [WARNING] backend.vision.camera: [cam_axis_01] Failed to open rtsp://root:admin12345$_@192.168.0.90:554/axis-media/media.amp
2026-03-23 12:32:31 [INFO] backend.vision.camera: [cam_axis_01] Retrying in 10.1s...
2026-03-23 12:33:11 [WARNING] backend.vision.camera: [cam_axis_01] Failed to open rtsp://root:admin12345$_@192.168.0.90:554/axis-media/media.amp
2026-03-23 12:33:11 [INFO] backend.vision.camera: [cam_axis_01] Retrying in 15.2s...
2026-03-23 12:33:57 [WARNING] backend.vision.camera: [cam_axis_01] Failed to open rtsp://root:admin12345$_@192.168.0.90:554/axis-media/media.amp
2026-03-23 12:33:57 [INFO] backend.vision.camera: [cam_axis_01] Retrying in 22.8s...
2026-03-23 12:34:49 [WARNING] backend.vision.camera: [cam_axis_01] Failed to open rtsp://root:admin12345$_@192.168.0.90:554/axis-media/media.amp
2026-03-23 12:34:49 [INFO] backend.vision.camera: [cam_axis_01] Retrying in 30.0s...
2026-03-23 12:35:49 [WARNING] backend.vision.camera: [cam_axis_01] Failed to open rtsp://root:admin12345$_@192.168.0.90:554/axis-media/media.amp
2026-03-23 12:35:50 [INFO] backend.vision.camera: [cam_axis_01] Retrying in 30.0s...
2026-03-23 12:36:50 [WARNING] backend.vision.camera: [cam_axis_01] Failed to open rtsp://root:admin12345$_@192.168.0.90:554/axis-media/media.amp
2026-03-23 12:36:50 [INFO] backend.vision.camera: [cam_axis_01] Retrying in 30.0s...
2026-03-23 12:37:50 [WARNING] backend.vision.camera: [cam_axis_01] Failed to open rtsp://root:admin12345$_@192.168.0.90:554/axis-media/media.amp
2026-03-23 12:37:50 [INFO] backend.vision.camera: [cam_axis_01] Retrying in 30.0s...
2026-03-23 12:38:50 [WARNING] backend.vision.camera: [cam_axis_01] Failed to open rtsp://root:admin12345$_@192.168.0.90:554/axis-media/media.amp
2026-03-23 12:38:50 [INFO] backend.vision.camera: [cam_axis_01] Retrying in 30.0s...
2026-03-23 12:39:50 [WARNING] backend.vision.camera: [cam_axis_01] Failed to open rtsp://root:admin12345$_@192.168.0.90:554/axis-media/media.amp
2026-03-23 12:39:50 [INFO] backend.vision.camera: [cam_axis_01] Retrying in 30.0s...
2026-03-23 12:40:50 [WARNING] backend.vision.camera: [cam_axis_01] Failed to open rtsp://root:admin12345$_@192.168.0.90:554/axis-media/media.amp
2026-03-23 12:40:50 [INFO] backend.vision.camera: [cam_axis_01] Retrying in 30.0s...
2026-03-23 12:41:50 [WARNING] backend.vision.camera: [cam_axis_01] Failed to open rtsp://root:admin12345$_@192.168.0.90:554/axis-media/media.amp
2026-03-23 12:41:50 [INFO] backend.vision.camera: [cam_axis_01] Retrying in 30.0s...
2026-03-23 12:42:50 [WARNING] backend.vision.camera: [cam_axis_01] Failed to open rtsp://root:admin12345$_@192.168.0.90:554/axis-media/media.amp
2026-03-23 12:42:50 [INFO] backend.vision.camera: [cam_axis_01] Retrying in 30.0s...
2026-03-23 12:43:50 [WARNING] backend.vision.camera: [cam_axis_01] Failed to open rtsp://root:admin12345$_@192.168.0.90:554/axis-media/media.amp
2026-03-23 12:43:50 [INFO] backend.vision.camera: [cam_axis_01] Retrying in 30.0s...
2026-03-23 12:44:22 [ERROR] backend.api.door_controller: [qIH3ae0D99tTU5diycoG] Scan error: Timeout of 300.0s exceeded, last exception: 429 Quota exceeded.
2026-03-23 12:44:50 [WARNING] backend.vision.camera: [cam_axis_01] Failed to open rtsp://root:admin12345$_@192.168.0.90:554/axis-media/media.amp
2026-03-23 12:44:50 [INFO] backend.vision.camera: [cam_axis_01] Retrying in 30.0s...
2026-03-23 12:44:53 [ERROR] backend.api.door_controller: Auto-lock error: Timeout of 300.0s exceeded, last exception: 429 Quota exceeded.
2026-03-23 12:45:40 [WARNING] backend.core.access_control: Could not check emergency state: Timeout of 300.0s exceeded, last exception: 429 Quota exceeded.
2026-03-23 12:45:50 [WARNING] backend.vision.camera: [cam_axis_01] Failed to open rtsp://root:admin12345$_@192.168.0.90:554/axis-media/media.amp
2026-03-23 12:45:50 [INFO] backend.vision.camera: [cam_axis_01] Retrying in 30.0s...
2026-03-23 12:46:50 [WARNING] backend.vision.camera: [cam_axis_01] Failed to open rtsp://root:admin12345$_@192.168.0.90:554/axis-media/media.amp
2026-03-23 12:46:50 [INFO] backend.vision.camera: [cam_axis_01] Retrying in 30.0s...
2026-03-23 12:47:47 [INFO] backend.main: Shutting down LabSecure AI v2...
2026-03-23 12:47:47 [INFO] backend.vision.pipeline: [cam_axis_01] Display thread stopped
2026-03-23 12:47:47 [INFO] backend.vision.pipeline: [cam_webcam] Display thread stopped
2026-03-23 12:47:47 [INFO] backend.vision.pipeline: [cam_axis_01] Detection thread stopped
2026-03-23 12:47:50 [WARNING] backend.vision.camera: [cam_axis_01] Failed to open rtsp://root:admin12345$_@192.168.0.90:554/axis-media/media.amp
2026-03-23 12:47:50 [INFO] backend.vision.camera: [cam_axis_01] Retrying in 30.0s...
2026-03-23 12:47:52 [INFO] backend.vision.camera: [cam_axis_01] Camera stream stopped: Axis P1447-LE
2026-03-23 12:47:53 [INFO] backend.vision.camera: [cam_webcam] Camera stream stopped: Laptop Webcam
2026-03-23 12:47:58 [INFO] backend.vision.pipeline: Vision Pipeline stopped
2026-03-23 12:48:08 [INFO] backend.services.camera_monitor: Camera health monitor stopped
2026-03-23 12:48:11 [INFO] backend.main: ✓ Event batch writer stopped
2026-03-23 12:48:11 [INFO] backend.main: Shutdown complete.
2026-03-23 12:48:13 [INFO] backend.main: ============================================================
2026-03-23 12:48:13 [INFO] backend.main:   LabSecure AI v2 — Starting Up
2026-03-23 12:48:13 [INFO] backend.main: ============================================================
2026-03-23 12:53:08 [WARNING] backend.main: Failed to check/seed default admin: Timeout of 300.0s exceeded, last exception: 429 Quota exceeded.
2026-03-23 12:53:08 [INFO] backend.main: ✓ Firebase initialized
2026-03-23 12:53:08 [INFO] backend.db.repositories: Event batch writer started
2026-03-23 12:53:08 [INFO] backend.main: ✓ Event batch writer started
2026-03-23 12:53:08 [INFO] backend.main: ✓ Access Controller initialized
2026-03-23 12:53:08 [INFO] backend.main: ✓ Anomaly Detector initialized
2026-03-23 12:53:08 [INFO] backend.services.camera_monitor: Camera health monitor started
2026-03-23 12:53:08 [INFO] backend.main: ✓ Camera Monitor started
2026-03-23 12:56:14 [INFO] backend.main: ============================================================
2026-03-23 12:56:14 [INFO] backend.main:   LabSecure AI v2 — Starting Up
2026-03-23 12:56:14 [INFO] backend.main: ============================================================
2026-03-23 12:58:21 [INFO] backend.main: ============================================================
2026-03-23 12:58:21 [INFO] backend.main:   LabSecure AI v2 — Starting Up
2026-03-23 12:58:21 [INFO] backend.main: ============================================================
2026-03-23 13:03:21 [WARNING] backend.main: Failed to check/seed default admin: Timeout of 300.0s exceeded, last exception: 504 Deadline Exceeded
2026-03-23 13:03:21 [INFO] backend.main: ✓ Firebase initialized
2026-03-23 13:03:21 [INFO] backend.db.repositories: Event batch writer started
2026-03-23 13:03:21 [INFO] backend.main: ✓ Event batch writer started
2026-03-23 13:03:21 [INFO] backend.main: ✓ Access Controller initialized
2026-03-23 13:03:21 [INFO] backend.main: ✓ Anomaly Detector initialized
2026-03-23 13:03:21 [INFO] backend.services.camera_monitor: Camera health monitor started
2026-03-23 13:03:21 [INFO] backend.main: ✓ Camera Monitor started
2026-03-23 13:07:29 [WARNING] backend.main: Could not load face descriptors from Firestore: Timeout of 300.0s exceeded, last exception: 429 Quota exceeded.
2026-03-23 13:07:29 [INFO] backend.main: ✓ Loaded 0 face descriptor(s) from Firestore
2026-03-23 13:07:29 [INFO] backend.vision.pipeline: Starting Vision Pipeline (decoupled mode)...
2026-03-23 13:07:31 [INFO] backend.vision.face_engine: FaceEngine initialized: model=buffalo_sc, det_size=(320, 320), providers=['CPUExecutionProvider']
2026-03-23 13:07:31 [INFO] backend.vision.camera: [cam_axis_01] Camera stream started: Axis P1447-LE
2026-03-23 13:07:31 [INFO] backend.vision.pipeline: [cam_axis_01] Display thread started (25 FPS)
2026-03-23 13:07:31 [INFO] backend.vision.pipeline: [cam_axis_01] Detection thread started
2026-03-23 13:07:31 [INFO] backend.vision.camera: [cam_webcam] Camera stream started: Laptop Webcam
2026-03-23 13:07:31 [INFO] backend.vision.pipeline: [cam_webcam] Display thread started (25 FPS)
2026-03-23 13:07:31 [INFO] backend.vision.pipeline: [cam_webcam] Detection thread started
2026-03-23 13:07:31 [INFO] backend.vision.pipeline: Vision Pipeline started with 2 cameras
2026-03-23 13:07:33 [INFO] backend.vision.camera: [cam_webcam] Connected to 0
2026-03-23 13:08:01 [WARNING] backend.vision.camera: [cam_axis_01] Failed to open rtsp://root:admin12345$_@192.168.0.90:554/axis-media/media.amp
2026-03-23 13:08:01 [INFO] backend.vision.camera: [cam_axis_01] Retrying in 2.0s...
2026-03-23 13:08:33 [WARNING] backend.vision.camera: [cam_axis_01] Failed to open rtsp://root:admin12345$_@192.168.0.90:554/axis-media/media.amp
2026-03-23 13:08:33 [INFO] backend.vision.camera: [cam_axis_01] Retrying in 3.0s...
2026-03-23 13:09:06 [WARNING] backend.vision.camera: [cam_axis_01] Failed to open rtsp://root:admin12345$_@192.168.0.90:554/axis-media/media.amp
2026-03-23 13:09:06 [INFO] backend.vision.camera: [cam_axis_01] Retrying in 4.5s...
2026-03-23 13:09:41 [WARNING] backend.vision.camera: [cam_axis_01] Failed to open rtsp://root:admin12345$_@192.168.0.90:554/axis-media/media.amp
2026-03-23 13:09:41 [INFO] backend.vision.camera: [cam_axis_01] Retrying in 6.8s...
2026-03-23 13:10:18 [WARNING] backend.vision.camera: [cam_axis_01] Failed to open rtsp://root:admin12345$_@192.168.0.90:554/axis-media/media.amp
2026-03-23 13:10:18 [INFO] backend.vision.camera: [cam_axis_01] Retrying in 10.1s...
2026-03-23 13:10:58 [WARNING] backend.vision.camera: [cam_axis_01] Failed to open rtsp://root:admin12345$_@192.168.0.90:554/axis-media/media.amp
2026-03-23 13:10:58 [INFO] backend.vision.camera: [cam_axis_01] Retrying in 15.2s...
2026-03-23 13:11:36 [INFO] backend.main: ✓ Vision Pipeline started
2026-03-23 13:11:36 [INFO] backend.api.door_controller: Door auto-lock thread started
2026-03-23 13:11:36 [INFO] backend.main: ✓ Door auto-lock thread started
2026-03-23 13:11:36 [INFO] backend.main: ============================================================
2026-03-23 13:11:36 [INFO] backend.main:   LabSecure AI v2 — Ready
2026-03-23 13:11:36 [INFO] backend.main: ============================================================
2026-03-23 13:11:43 [WARNING] backend.vision.camera: [cam_axis_01] Failed to open rtsp://root:admin12345$_@192.168.0.90:554/axis-media/media.amp
2026-03-23 13:11:43 [INFO] backend.vision.camera: [cam_axis_01] Retrying in 22.8s...
